Date,Price
05/23/2003,9.71
05/26/2003,9.19
05/27/2003,9.16
05/28/2003,9.12
05/29/2003,9.28
05/30/2003,9.1
06/02/2003,8.97
06/03/2003,9.05
06/04/2003,9.12
06/05/2003,9.28
06/06/2003,9.18
06/09/2003,9.22
06/10/2003,9.13
06/11/2003,9.09
06/12/2003,8.97
06/13/2003,9.03
06/16/2003,8.9
06/17/2003,8.71
06/18/2003,8.45
06/20/2003,8.33
06/23/2003,8.29
06/24/2003,8.11
06/25/2003,8.11
06/26/2003,8.02
06/27/2003,8.1
06/30/2003,8.14
07/01/2003,8.18
07/02/2003,8.22
07/03/2003,8.16
07/04/2003,8.12
07/07/2003,7.98
07/08/2003,8.04
07/10/2003,7.98
07/11/2003,7.98
07/14/2003,8.07
07/15/2003,8.08
07/16/2003,8.1
07/17/2003,8.07
07/18/2003,8.09
07/21/2003,8.22
07/22/2003,8.26
07/23/2003,8.31
07/24/2003,8.49
07/25/2003,8.6
07/28/2003,8.77
07/29/2003,8.78
07/30/2003,8.92
07/31/2003,9.19
08/01/2003,9.18
08/04/2003,9.25
08/05/2003,9.6
08/06/2003,9.72
08/07/2003,10.11
08/08/2003,10.11
08/11/2003,10.03
08/12/2003,9.98
08/13/2003,9.99
08/14/2003,10.08
08/15/2003,10
08/18/2003,9.91
08/19/2003,10.04
08/20/2003,10.01
08/21/2003,9.92
08/22/2003,9.98
08/25/2003,9.71
08/26/2003,9.6
08/27/2003,9.63
08/28/2003,9.56
08/29/2003,9.28
09/01/2003,9.21
09/02/2003,9.15
09/03/2003,9.14
09/04/2003,9.08
09/05/2003,8.91
09/08/2003,8.81
09/09/2003,8.71
09/10/2003,8.76
09/11/2003,8.48
09/12/2003,8.44
09/15/2003,8.47
09/16/2003,8.35
09/17/2003,8.34
09/18/2003,8.23
09/19/2003,7.97
09/22/2003,7.88
09/23/2003,7.66
09/24/2003,7.63
09/25/2003,7.54
09/26/2003,7.42
09/29/2003,7.39
09/30/2003,7.38
10/01/2003,7.33
10/02/2003,7.4
10/03/2003,7.45
10/06/2003,7.61
10/07/2003,7.65
10/08/2003,7.72
10/09/2003,7.74
10/10/2003,7.71
10/13/2003,7.67
10/14/2003,7.67
10/15/2003,7.62
10/16/2003,7.57
10/17/2003,7.44
10/20/2003,7.34
10/21/2003,7.36
10/22/2003,7.32
10/23/2003,7.23
10/24/2003,7.13
10/27/2003,7.12
10/28/2003,7.01
10/29/2003,7.05
10/30/2003,7.03
10/31/2003,6.88
11/03/2003,6.92
11/04/2003,6.89
11/05/2003,6.87
11/06/2003,6.88
11/07/2003,7.02
11/10/2003,6.99
11/11/2003,6.98
11/12/2003,6.99
11/13/2003,6.85
11/14/2003,6.88
11/17/2003,6.94
11/18/2003,6.93
11/19/2003,6.95
11/20/2003,6.98
11/21/2003,7.07
11/24/2003,7.13
11/25/2003,7.15
11/26/2003,7.13
11/27/2003,7.14
11/28/2003,7.13
12/01/2003,7.19
12/02/2003,7.27
12/03/2003,7.23
12/04/2003,7.24
12/05/2003,7.27
12/08/2003,7.36
12/09/2003,7.38
12/10/2003,7.34
12/11/2003,7.35
12/12/2003,7.32
12/15/2003,7.39
12/16/2003,7.31
12/17/2003,7.35
12/18/2003,7.38
12/19/2003,7.32
12/22/2003,7.33
12/23/2003,7.41
12/26/2003,7.33
12/29/2003,7.41
12/30/2003,7.29
01/02/2004,7.28
01/05/2004,7.31
01/06/2004,7.32
01/07/2004,7.33
01/08/2004,7.32
01/09/2004,7.39
01/12/2004,7.47
01/13/2004,7.37
01/14/2004,7.28
01/15/2004,7.22
01/16/2004,6.98
01/19/2004,6.8
01/20/2004,6.79
01/21/2004,6.67
01/22/2004,6.6
01/23/2004,6.54
01/26/2004,6.5
01/27/2004,6.32
01/28/2004,6.2
01/29/2004,6.11
01/30/2004,6.07
02/02/2004,6.18
02/03/2004,6.26
02/04/2004,6.23
02/05/2004,6.22
02/06/2004,6.22
02/09/2004,6.28
02/10/2004,6.27
02/11/2004,6.31
02/12/2004,6.29
02/13/2004,6.26
02/16/2004,6.26
02/17/2004,6.2
02/18/2004,6.14
02/19/2004,6.06
02/20/2004,6.03
02/25/2004,6.13
02/26/2004,6.2
02/27/2004,6.26
03/01/2004,6.3
03/02/2004,6.33
03/03/2004,6.34
03/04/2004,6.34
03/05/2004,6.5
03/08/2004,6.56
03/09/2004,6.76
03/10/2004,6.71
03/11/2004,6.81
03/12/2004,6.94
03/15/2004,7.09
03/16/2004,7.28
03/17/2004,7.43
03/18/2004,7.52
03/19/2004,7.59
03/22/2004,7.82
03/23/2004,8.07
03/24/2004,8.23
03/25/2004,8.6
03/26/2004,8.74
03/29/2004,8.83
03/30/2004,9.02
03/31/2004,9.28
04/01/2004,9.44
04/02/2004,9.77
04/05/2004,10
04/06/2004,10.1
04/07/2004,10.12
04/08/2004,10.05
04/12/2004,10.14
04/13/2004,10.17
04/14/2004,10.2
04/15/2004,10.05
04/16/2004,9.86
04/19/2004,9.78
04/20/2004,9.81
04/22/2004,9.54
04/23/2004,9.58
04/26/2004,9.43
04/27/2004,9.2
04/28/2004,8.71
04/29/2004,8.5
04/30/2004,8.29
05/03/2004,8.04
05/04/2004,8.02
05/05/2004,7.96
05/06/2004,7.71
05/07/2004,7.5
05/10/2004,7.3
05/11/2004,7.31
05/12/2004,7.08
05/13/2004,7
05/14/2004,7.08
05/17/2004,6.94
05/18/2004,6.78
05/19/2004,6.73
05/20/2004,6.63
05/21/2004,6.71
05/24/2004,6.8
05/25/2004,7.07
05/26/2004,7.12
05/27/2004,7.32
05/28/2004,7.43
05/31/2004,7.26
06/01/2004,7.48
06/02/2004,7.79
06/03/2004,7.91
06/04/2004,8.13
06/07/2004,8.35
06/08/2004,8.53
06/09/2004,8.59
06/11/2004,8.59
06/14/2004,8.57
06/15/2004,8.74
06/16/2004,8.7
06/17/2004,8.74
06/18/2004,8.68
06/21/2004,8.72
06/22/2004,8.73
06/23/2004,8.79
06/24/2004,8.76
06/25/2004,8.68
06/28/2004,8.59
06/29/2004,8.66
06/30/2004,8.68
07/01/2004,8.65
07/02/2004,8.7
07/05/2004,8.72
07/06/2004,8.79
07/07/2004,8.86
07/08/2004,8.83
07/12/2004,8.91
07/13/2004,8.99
07/14/2004,9.08
07/15/2004,9.16
07/16/2004,9.27
07/19/2004,9.39
07/20/2004,9.36
07/21/2004,9.36
07/22/2004,9.36
07/23/2004,9.37
07/26/2004,9.37
07/27/2004,9.45
07/28/2004,9.57
07/29/2004,9.66
07/30/2004,9.67
08/02/2004,9.67
08/03/2004,9.71
08/04/2004,9.75
08/05/2004,9.77
08/06/2004,9.9
08/09/2004,9.92
08/10/2004,9.96
08/11/2004,9.93
08/12/2004,9.93
08/13/2004,10.03
08/16/2004,10.03
08/17/2004,10.09
08/18/2004,10.11
08/19/2004,10.12
08/20/2004,10.19
08/23/2004,10.2
08/24/2004,10.18
08/25/2004,10.13
08/26/2004,10.18
08/27/2004,10.07
08/30/2004,10.05
08/31/2004,10.07
09/01/2004,10.07
09/02/2004,10.1
09/03/2004,10.16
09/06/2004,10.2
09/08/2004,10.25
09/09/2004,10.23
09/10/2004,10.17
09/13/2004,10.14
09/14/2004,10.04
09/15/2004,10.02
09/16/2004,9.95
09/17/2004,9.96
09/20/2004,9.93
09/21/2004,9.88
09/22/2004,9.77
09/23/2004,9.7
09/24/2004,9.73
09/27/2004,9.59
09/28/2004,9.59
09/29/2004,9.56
09/30/2004,9.53
10/01/2004,9.61
10/04/2004,9.68
10/05/2004,9.68
10/06/2004,9.64
10/07/2004,9.58
10/08/2004,9.64
10/11/2004,9.67
10/13/2004,9.62
10/14/2004,9.56
10/15/2004,9.63
10/18/2004,9.63
10/19/2004,9.53
10/20/2004,9.55
10/21/2004,9.71
10/22/2004,9.67
10/25/2004,9.71
10/26/2004,9.8
10/27/2004,9.85
10/28/2004,9.86
10/29/2004,9.93
11/01/2004,9.93
11/03/2004,10.03
11/04/2004,10.08
11/05/2004,10.1
11/08/2004,10.1
11/09/2004,10.15
11/10/2004,10.2
11/11/2004,10.36
11/12/2004,10.58
11/16/2004,10.65
11/17/2004,10.81
11/18/2004,10.81
11/19/2004,10.9
11/22/2004,11.13
11/23/2004,11.3
11/24/2004,11.32
11/25/2004,11.49
11/26/2004,11.55
11/29/2004,11.54
11/30/2004,11.74
12/01/2004,11.77
12/02/2004,11.65
12/03/2004,11.85
12/06/2004,11.88
12/07/2004,11.74
12/08/2004,11.6
12/09/2004,11.54
12/10/2004,11.59
12/13/2004,11.7
12/14/2004,11.64
12/15/2004,11.74
12/16/2004,11.4
12/17/2004,11.54
12/20/2004,11.67
12/21/2004,11.42
12/22/2004,11.42
12/23/2004,11.28
12/27/2004,11.3
12/28/2004,11.25
12/29/2004,11.34
12/30/2004,11.26
01/03/2005,11.24
01/04/2005,11.13
01/05/2005,11.07
01/06/2005,11.01
01/07/2005,11.01
01/10/2005,11.03
01/11/2005,11.01
01/12/2005,11.04
01/13/2005,10.96
01/14/2005,10.93
01/17/2005,10.96
01/18/2005,10.87
01/19/2005,10.87
01/20/2005,10.76
01/21/2005,10.82
01/24/2005,10.85
01/25/2005,10.64
01/26/2005,10.67
01/27/2005,10.66
01/28/2005,10.8
01/31/2005,10.98
02/01/2005,10.99
02/02/2005,10.89
02/03/2005,11.05
02/04/2005,11
02/09/2005,11.12
02/10/2005,10.92
02/11/2005,11.04
02/14/2005,11.11
02/15/2005,11.1
02/16/2005,11.12
02/17/2005,11.18
02/18/2005,11.14
02/21/2005,11.11
02/22/2005,11.06
02/23/2005,11.16
02/24/2005,11.02
02/25/2005,11.11
02/28/2005,11.27
03/01/2005,11.17
03/02/2005,11.1
03/03/2005,10.99
03/04/2005,11.11
03/07/2005,11.12
03/08/2005,11.19
03/09/2005,11.25
03/10/2005,11.28
03/11/2005,11.45
03/14/2005,11.55
03/15/2005,11.84
03/16/2005,12.16
03/17/2005,12.63
03/18/2005,12.84
03/21/2005,12.95
03/22/2005,13.35
03/23/2005,13.22
03/24/2005,13.55
03/28/2005,13.7
03/29/2005,13.84
03/30/2005,13.98
03/31/2005,14.04
04/01/2005,14.16
04/04/2005,14.34
04/05/2005,14.43
04/06/2005,14.54
04/07/2005,14.49
04/08/2005,14.44
04/11/2005,14.24
04/12/2005,14
04/13/2005,13.74
04/14/2005,13.42
04/15/2005,12.92
04/18/2005,12.58
04/19/2005,12.57
04/20/2005,12.31
04/22/2005,12.22
04/25/2005,11.87
04/26/2005,11.46
04/27/2005,11.18
04/28/2005,10.86
04/29/2005,10.82
05/02/2005,10.82
05/03/2005,10.88
05/04/2005,10.95
05/05/2005,11.02
05/06/2005,10.99
05/09/2005,11.03
05/10/2005,10.87
05/11/2005,10.87
05/12/2005,10.77
05/13/2005,10.67
05/16/2005,10.64
05/17/2005,10.5
05/18/2005,10.52
05/19/2005,10.5
05/20/2005,10.47
05/23/2005,10.47
05/24/2005,10.43
05/25/2005,10.54
05/27/2005,10.65
05/30/2005,10.71
05/31/2005,10.58
06/01/2005,10.51
06/02/2005,10.65
06/03/2005,10.57
06/06/2005,10.47
06/07/2005,10.51
06/08/2005,10.52
06/09/2005,10.35
06/10/2005,10.45
06/13/2005,10.53
06/14/2005,10.67
06/15/2005,10.65
06/16/2005,10.79
06/17/2005,10.84
06/20/2005,10.82
06/21/2005,10.91
06/22/2005,10.97
06/23/2005,10.96
06/24/2005,11.16
06/27/2005,11.23
06/28/2005,11.38
06/29/2005,11.56
06/30/2005,11.82
07/01/2005,11.85
07/04/2005,11.95
07/05/2005,11.94
07/06/2005,11.9
07/07/2005,12.02
07/08/2005,12.07
07/11/2005,12.29
07/12/2005,12.42
07/13/2005,12.44
07/14/2005,12.57
07/15/2005,12.59
07/18/2005,12.68
07/19/2005,12.64
07/20/2005,12.62
07/21/2005,12.57
07/22/2005,12.31
07/25/2005,12.01
07/26/2005,12.06
07/27/2005,12.17
07/28/2005,12.42
07/29/2005,12.57
08/01/2005,12.7
08/02/2005,12.87
08/03/2005,13.01
08/04/2005,13.03
08/05/2005,13.05
08/08/2005,12.99
08/09/2005,13.29
08/10/2005,13.39
08/11/2005,13.07
08/12/2005,12.96
08/15/2005,13.22
08/16/2005,13.07
08/17/2005,12.97
08/18/2005,12.86
08/19/2005,12.55
08/22/2005,12.88
08/23/2005,12.7
08/24/2005,12.59
08/25/2005,12.79
08/26/2005,12.76
08/29/2005,12.87
08/30/2005,12.81
08/31/2005,12.96
09/01/2005,12.98
09/02/2005,13.24
09/05/2005,13.26
09/06/2005,13.41
09/08/2005,13.44
09/09/2005,13.52
09/12/2005,13.51
09/13/2005,13.51
09/14/2005,13.58
09/15/2005,13.77
09/16/2005,13.78
09/19/2005,13.92
09/20/2005,14.02
09/21/2005,14.12
09/22/2005,14.23
09/23/2005,14.31
09/26/2005,14.39
09/27/2005,14.37
09/28/2005,14.57
09/29/2005,14.75
09/30/2005,14.64
10/03/2005,14.67
10/04/2005,14.54
10/05/2005,14.49
10/06/2005,14.39
10/07/2005,14.73
10/10/2005,14.86
10/11/2005,15
10/13/2005,14.92
10/14/2005,15.02
10/17/2005,15.12
10/18/2005,15.06
10/19/2005,15.02
10/20/2005,15.08
10/21/2005,15.05
10/24/2005,15.13
10/25/2005,15.11
10/26/2005,15.01
10/27/2005,14.95
10/28/2005,15.15
10/31/2005,15.31
11/01/2005,15.33
11/03/2005,15.53
11/04/2005,15.64
11/07/2005,15.69
11/08/2005,15.77
11/09/2005,15.87
11/10/2005,15.94
11/11/2005,15.97
11/14/2005,15.62
11/16/2005,15.65
11/17/2005,15.7
11/18/2005,15.39
11/21/2005,15.4
11/22/2005,15.26
11/23/2005,15.27
11/24/2005,15.2
11/25/2005,15.15
11/28/2005,15.31
11/29/2005,15.33
11/30/2005,15.2
12/01/2005,15.11
12/02/2005,15.28
12/05/2005,15.58
12/06/2005,15.93
12/07/2005,16.09
12/08/2005,16.12
12/09/2005,16.16
12/12/2005,16.23
12/13/2005,16.54
12/14/2005,16.68
12/15/2005,16.79
12/16/2005,16.84
12/19/2005,17.07
12/20/2005,17.48
12/21/2005,18.07
12/22/2005,18.33
12/23/2005,18.67
12/26/2005,18.76
12/27/2005,19.1
12/28/2005,19.12
12/29/2005,19.6
01/02/2006,19.69
01/03/2006,20.03
01/04/2006,20.55
01/05/2006,20.8
01/06/2006,20.95
01/09/2006,21.45
01/10/2006,21.42
01/11/2006,21.14
01/12/2006,21.19
01/13/2006,21.01
01/16/2006,20.91
01/17/2006,20.63
01/18/2006,20.39
01/19/2006,20.4
01/20/2006,20.91
01/23/2006,21.26
01/24/2006,21.46
01/25/2006,21.39
01/26/2006,21.6
01/27/2006,21.75
01/30/2006,21.88
01/31/2006,22.03
02/01/2006,22.08
02/02/2006,22.3
02/03/2006,22.61
02/06/2006,23.16
02/07/2006,23.24
02/08/2006,23.31
02/09/2006,23.57
02/10/2006,23.68
02/13/2006,23.94
02/14/2006,24.18
02/15/2006,24.28
02/16/2006,24.67
02/17/2006,24.66
02/20/2006,24.89
02/21/2006,24.57
02/22/2006,24.81
02/23/2006,24.75
02/24/2006,24.67
03/01/2006,25.08
03/02/2006,25.32
03/03/2006,25.4
03/06/2006,25.03
03/07/2006,24.71
03/08/2006,24.48
03/09/2006,24.55
03/10/2006,24.66
03/13/2006,24.67
03/14/2006,24.64
03/15/2006,24.71
03/16/2006,24.8
03/17/2006,24.39
03/20/2006,23.91
03/21/2006,23.39
03/22/2006,23.43
03/23/2006,23.07
03/24/2006,23.12
03/27/2006,22.89
03/28/2006,22.54
03/29/2006,22.42
03/30/2006,22.77
03/31/2006,23.07
04/03/2006,23.41
04/04/2006,23.53
04/05/2006,23.64
04/06/2006,23.81
04/07/2006,23.59
04/10/2006,23.58
04/11/2006,23.87
04/12/2006,23.87
04/13/2006,23.96
04/17/2006,23.97
04/18/2006,24.11
04/19/2006,24.18
04/20/2006,24.02
04/24/2006,23.88
04/25/2006,23.66
04/26/2006,23.65
04/27/2006,23.69
04/28/2006,23.79
05/02/2006,23.97
05/03/2006,23.74
05/04/2006,23.81
05/05/2006,23.98
05/08/2006,23.69
05/09/2006,23.69
05/10/2006,23.53
05/11/2006,22.95
05/12/2006,22.31
05/15/2006,21.9
05/16/2006,22.41
05/17/2006,21.74
05/18/2006,21.99
05/19/2006,21.67
05/22/2006,20.91
05/23/2006,20.96
05/24/2006,20.09
05/25/2006,21.11
05/26/2006,21.78
05/29/2006,21.66
05/30/2006,21.44
05/31/2006,21.19
06/01/2006,21.92
06/02/2006,21.61
06/05/2006,21.96
06/06/2006,21.89
06/07/2006,22.08
06/08/2006,21.78
06/09/2006,21.94
06/12/2006,21.69
06/13/2006,21.58
06/14/2006,21.75
06/16/2006,22
06/19/2006,22.01
06/20/2006,22.05
06/21/2006,22.27
06/22/2006,22.22
06/23/2006,22.31
06/26/2006,22.44
06/27/2006,22.35
06/28/2006,22.61
06/29/2006,23.25
06/30/2006,23.29
07/03/2006,23.31
07/04/2006,23.47
07/05/2006,23.16
07/06/2006,23.33
07/07/2006,23.24
07/10/2006,23.55
07/11/2006,23.08
07/12/2006,22.93
07/13/2006,22.65
07/14/2006,22.73
07/17/2006,22.87
07/18/2006,23.02
07/19/2006,23.21
07/20/2006,23.05
07/21/2006,22.93
07/24/2006,22.82
07/25/2006,22.58
07/26/2006,22.68
07/27/2006,22.53
07/28/2006,22.44
07/31/2006,22.23
08/01/2006,22.12
08/02/2006,22.11
08/03/2006,22.11
08/04/2006,21.87
08/07/2006,21.74
08/08/2006,21.56
08/09/2006,21.5
08/10/2006,21.53
08/11/2006,21.45
08/14/2006,21.27
08/15/2006,20.9
08/16/2006,20.47
08/17/2006,20.15
08/18/2006,19.89
08/21/2006,20
08/22/2006,19.77
08/23/2006,19.3
08/24/2006,19.1
08/25/2006,18.93
08/28/2006,18.87
08/29/2006,18.56
08/30/2006,18.45
08/31/2006,18.37
09/01/2006,18.31
09/04/2006,18.12
09/05/2006,18.1
09/06/2006,17.8
09/08/2006,17.71
09/11/2006,17.42
09/12/2006,17.25
09/13/2006,17.31
09/14/2006,17.32
09/15/2006,17.53
09/18/2006,17.68
09/19/2006,17.56
09/20/2006,17.46
09/21/2006,17.27
09/22/2006,17.2
09/25/2006,17.02
09/26/2006,17.25
09/27/2006,17.33
09/28/2006,17.4
09/29/2006,17.41
10/02/2006,17.51
10/03/2006,17.31
10/04/2006,17.5
10/05/2006,17.47
10/06/2006,17.23
10/09/2006,17.35
10/10/2006,17.44
10/11/2006,17.3
10/13/2006,17.41
10/16/2006,17.5
10/17/2006,17.46
10/18/2006,17.45
10/19/2006,17.39
10/20/2006,17.39
10/23/2006,17.41
10/24/2006,17.34
10/25/2006,17.29
10/26/2006,17.28
10/27/2006,17.36
10/30/2006,17.24
10/31/2006,17.32
11/01/2006,17.27
11/03/2006,17.16
11/06/2006,17.09
11/07/2006,17.24
11/08/2006,17.13
11/09/2006,17.17
11/10/2006,16.88
11/13/2006,16.72
11/14/2006,16.94
11/16/2006,16.89
11/17/2006,16.82
11/20/2006,16.79
11/21/2006,16.88
11/22/2006,16.73
11/23/2006,16.8
11/24/2006,16.79
11/27/2006,16.54
11/28/2006,16.58
11/29/2006,16.7
11/30/2006,16.85
12/01/2006,16.82
12/04/2006,16.84
12/05/2006,17
12/06/2006,17.01
12/07/2006,17.06
12/08/2006,17.06
12/11/2006,17.15
12/12/2006,17.13
12/13/2006,17.24
12/14/2006,17.24
12/15/2006,17.19
12/18/2006,17.14
12/19/2006,17.13
12/20/2006,17.13
12/21/2006,17.18
12/22/2006,17.19
12/26/2006,17.21
12/27/2006,17.14
12/28/2006,17.24
01/02/2007,17.24
01/03/2007,17.14
01/04/2007,17.06
01/05/2007,17.02
01/08/2007,17.1
01/09/2007,17.18
01/10/2007,17.25
01/11/2007,17.24
01/12/2007,17.32
01/15/2007,17.32
01/16/2007,17.35
01/17/2007,17.34
01/18/2007,17.33
01/19/2007,17.33
01/22/2007,17.28
01/23/2007,17.29
01/24/2007,17.24
01/25/2007,17.11
01/26/2007,17.14
01/29/2007,17.02
01/30/2007,17.13
01/31/2007,17.03
02/01/2007,17.02
02/02/2007,16.94
02/05/2007,17.05
02/06/2007,16.97
02/07/2007,16.79
02/08/2007,16.76
02/09/2007,16.64
02/12/2007,16.63
02/13/2007,16.55
02/14/2007,16.64
02/15/2007,16.44
02/16/2007,16.51
02/21/2007,16.63
02/22/2007,16.63
02/23/2007,16.63
02/26/2007,16.56
02/27/2007,16.33
02/28/2007,16.32
03/01/2007,16.42
03/02/2007,16.32
03/05/2007,16.28
03/06/2007,16.45
03/07/2007,16.51
03/08/2007,16.54
03/09/2007,16.51
03/12/2007,16.57
03/13/2007,16.41
03/14/2007,16.48
03/15/2007,16.65
03/16/2007,16.61
03/19/2007,16.74
03/20/2007,16.77
03/21/2007,16.75
03/22/2007,16.8
03/23/2007,16.82
03/26/2007,16.75
03/27/2007,16.78
03/28/2007,16.74
03/29/2007,17.01
03/30/2007,16.81
04/02/2007,16.99
04/03/2007,17.11
04/04/2007,17.13
04/05/2007,17.13
04/09/2007,17.19
04/10/2007,17.04
04/11/2007,16.92
04/12/2007,16.83
04/13/2007,16.96
04/16/2007,16.82
04/17/2007,16.62
04/18/2007,16.55
04/19/2007,16.56
04/20/2007,16.47
04/23/2007,16.37
04/24/2007,16.25
04/25/2007,16.34
04/26/2007,16.24
04/27/2007,15.98
04/30/2007,15.8
05/02/2007,15.68
05/03/2007,15.48
05/04/2007,15.25
05/07/2007,15.22
05/08/2007,15.12
05/09/2007,15.12
05/10/2007,14.62
05/11/2007,14.43
05/14/2007,14.41
05/15/2007,14.38
05/16/2007,14.56
05/17/2007,14.42
05/18/2007,14.16
05/21/2007,14.05
05/22/2007,14.03
05/23/2007,13.87
05/24/2007,13.59
05/25/2007,13.82
05/28/2007,13.75
05/29/2007,13.65
05/30/2007,13.67
05/31/2007,13.78
06/01/2007,13.83
06/04/2007,13.66
06/05/2007,13.47
06/06/2007,13.39
06/08/2007,13.17
06/11/2007,13.16
06/12/2007,13.03
06/13/2007,12.95
06/14/2007,13.01
06/15/2007,12.98
06/18/2007,12.87
06/19/2007,12.79
06/20/2007,12.6
06/21/2007,12.66
06/22/2007,12.47
06/25/2007,12.41
06/26/2007,12.37
06/27/2007,12.33
06/28/2007,12.46
06/29/2007,12.42
07/02/2007,12.49
07/03/2007,12.56
07/04/2007,12.51
07/05/2007,12.5
07/06/2007,12.59
07/10/2007,12.7
07/11/2007,12.73
07/12/2007,12.89
07/13/2007,12.96
07/16/2007,12.93
07/17/2007,13.21
07/18/2007,13.22
07/19/2007,13.24
07/20/2007,13.23
07/23/2007,13.32
07/24/2007,13.21
07/25/2007,13.19
07/26/2007,12.78
07/27/2007,13.1
07/30/2007,13.38
07/31/2007,13.38
08/01/2007,13.31
08/02/2007,13.45
08/03/2007,13.3
08/06/2007,13.34
08/07/2007,13.37
08/08/2007,13.52
08/09/2007,13.22
08/10/2007,13.06
08/13/2007,13.07
08/14/2007,12.72
08/15/2007,12.39
08/16/2007,12.02
08/17/2007,12.36
08/20/2007,12.25
08/21/2007,12.19
08/22/2007,12.34
08/23/2007,12.55
08/24/2007,12.89
08/27/2007,12.85
08/28/2007,12.55
08/29/2007,12.78
08/30/2007,12.68
08/31/2007,12.82
09/03/2007,12.89
09/04/2007,12.93
09/05/2007,12.88
09/06/2007,13.03
09/10/2007,13.06
09/11/2007,13.13
09/12/2007,13.24
09/13/2007,13.31
09/14/2007,13.31
09/17/2007,13.13
09/18/2007,13.45
09/19/2007,13.44
09/20/2007,13.34
09/21/2007,13.44
09/24/2007,13.33
09/25/2007,13.32
09/26/2007,13.37
09/27/2007,13.4
09/28/2007,13.37
10/01/2007,13.47
10/02/2007,13.42
10/03/2007,13.22
10/04/2007,13.21
10/05/2007,13.22
10/08/2007,13.2
10/09/2007,13.27
10/10/2007,13.28
10/11/2007,13.27
10/15/2007,13.19
10/16/2007,13.05
10/17/2007,13.05
10/18/2007,13.3
10/19/2007,13.15
10/22/2007,13.1
10/23/2007,13.24
10/24/2007,13.17
10/25/2007,13.23
10/26/2007,13.35
10/29/2007,13.43
10/30/2007,13.37
10/31/2007,13.52
11/01/2007,13.5
11/05/2007,13.37
11/06/2007,13.45
11/07/2007,13.36
11/08/2007,13.33
11/09/2007,13.28
11/12/2007,13.12
11/13/2007,13.02
11/14/2007,13.28
11/16/2007,13.21
11/19/2007,13.09
11/20/2007,13.11
11/21/2007,13.07
11/22/2007,13.04
11/23/2007,12.83
11/26/2007,12.7
11/27/2007,12.67
11/28/2007,13
11/29/2007,12.99
11/30/2007,13
12/03/2007,13.06
12/04/2007,12.96
12/05/2007,13.05
12/06/2007,13.15
12/07/2007,13.34
12/10/2007,13.31
12/11/2007,13.37
12/12/2007,13.26
12/13/2007,13.27
12/14/2007,13.21
12/17/2007,13.02
12/18/2007,13.01
12/19/2007,13.16
12/20/2007,13.17
12/21/2007,13.25
12/26/2007,13.49
12/27/2007,13.56
12/28/2007,13.46
01/02/2008,13.6
01/03/2008,13.76
01/04/2008,13.76
01/07/2008,13.8
01/08/2008,13.78
01/09/2008,13.77
01/10/2008,13.86
01/11/2008,14.03
01/14/2008,14.28
01/15/2008,14.16
01/16/2008,14.11
01/17/2008,14.11
01/18/2008,14.1
01/21/2008,13.87
01/22/2008,14.37
01/23/2008,14.09
01/24/2008,14.4
01/25/2008,14.41
01/28/2008,14.51
01/29/2008,14.49
01/30/2008,14.52
01/31/2008,14.67
02/01/2008,14.89
02/06/2008,14.85
02/07/2008,14.81
02/08/2008,14.65
02/11/2008,14.81
02/12/2008,14.9
02/13/2008,14.92
02/14/2008,14.92
02/15/2008,14.85
02/18/2008,15.02
02/19/2008,15.03
02/20/2008,15.16
02/21/2008,15.4
02/22/2008,15.47
02/25/2008,15.42
02/26/2008,15.76
02/27/2008,15.84
02/28/2008,15.91
02/29/2008,15.77
03/03/2008,16
03/04/2008,15.88
03/05/2008,16.02
03/06/2008,16.12
03/07/2008,16.07
03/10/2008,15.94
03/11/2008,16.1
03/12/2008,16.26
03/13/2008,16.06
03/14/2008,15.97
03/17/2008,15.86
03/18/2008,16.33
03/19/2008,16.07
03/20/2008,15.98
03/24/2008,15.96
03/25/2008,16.01
03/26/2008,16.17
03/27/2008,16.18
03/28/2008,16.08
03/31/2008,16.14
04/01/2008,16.11
04/02/2008,16.21
04/03/2008,16.4
04/04/2008,16.45
04/07/2008,16.66
04/08/2008,16.7
04/09/2008,16.69
04/10/2008,16.65
04/11/2008,16.69
04/14/2008,16.77
04/15/2008,16.82
04/16/2008,17
04/17/2008,17.12
04/18/2008,16.93
04/22/2008,16.97
04/23/2008,16.88
04/24/2008,16.7
04/25/2008,16.78
04/28/2008,16.5
04/29/2008,16.26
04/30/2008,16.64
05/02/2008,16.66
05/05/2008,16.62
05/06/2008,16.51
05/07/2008,16.16
05/08/2008,16.02
05/09/2008,15.94
05/12/2008,16.07
05/13/2008,16.14
05/14/2008,16.06
05/15/2008,16.02
05/16/2008,16.15
05/19/2008,16.12
05/20/2008,16.1
05/21/2008,15.98
05/23/2008,15.92
05/26/2008,15.95
05/27/2008,15.65
05/28/2008,15.79
05/29/2008,16.04
05/30/2008,16.06
06/02/2008,16.04
06/03/2008,16.11
06/04/2008,16.05
06/05/2008,16.12
06/06/2008,15.95
06/09/2008,16.08
06/10/2008,15.87
06/11/2008,15.92
06/12/2008,15.93
06/13/2008,15.95
06/16/2008,16.09
06/17/2008,16.34
06/18/2008,16.26
06/19/2008,16.25
06/20/2008,16.21
06/23/2008,16.16
06/24/2008,16.33
06/25/2008,16.47
06/26/2008,16.4
06/27/2008,16.43
06/30/2008,16.44
07/01/2008,16.29
07/02/2008,16.4
07/03/2008,16.35
07/04/2008,16.43
07/07/2008,16.67
07/08/2008,16.53
07/10/2008,16.67
07/11/2008,16.91
07/14/2008,16.99
07/15/2008,17.21
07/16/2008,17.19
07/17/2008,17.16
07/18/2008,17.27
07/21/2008,17.5
07/22/2008,17.58
07/23/2008,17.58
07/24/2008,17.57
07/25/2008,17.77
07/28/2008,17.71
07/29/2008,17.89
07/30/2008,18.03
07/31/2008,18.1
08/01/2008,18.09
08/04/2008,18.12
08/05/2008,17.98
08/06/2008,18.09
08/07/2008,17.94
08/08/2008,17.8
08/11/2008,17.82
08/12/2008,17.73
08/13/2008,17.83
08/14/2008,17.73
08/15/2008,17.55
08/18/2008,17.64
08/19/2008,17.87
08/20/2008,18
08/21/2008,18.25
08/22/2008,18.11
08/25/2008,17.99
08/26/2008,18.13
08/27/2008,18.41
08/28/2008,18.33
08/29/2008,18.34
09/01/2008,18.35
09/02/2008,18.22
09/03/2008,18.15
09/04/2008,17.8
09/05/2008,17.82
09/08/2008,17.69
09/09/2008,17.37
09/10/2008,17.31
09/11/2008,17.03
09/12/2008,17.37
09/15/2008,17.04
09/16/2008,16.99
09/17/2008,16.51
09/18/2008,16.05
09/19/2008,16.88
09/22/2008,17.26
09/23/2008,16.89
09/24/2008,16.73
09/25/2008,17.01
09/26/2008,16.77
09/29/2008,15.77
09/30/2008,16.33
10/01/2008,16.19
10/02/2008,15.38
10/03/2008,15.25
10/06/2008,14.15
10/07/2008,13.51
10/08/2008,13.71
10/09/2008,14.29
10/10/2008,13.47
10/13/2008,14.58
10/14/2008,14.82
10/15/2008,14.42
10/16/2008,14.42
10/17/2008,14.74
10/20/2008,14.77
10/21/2008,13.98
10/22/2008,13.11
10/23/2008,13.38
10/24/2008,13.29
10/27/2008,13.83
10/28/2008,14.21
10/29/2008,14.49
10/30/2008,14.71
10/31/2008,14.34
11/03/2008,14.23
11/04/2008,14.55
11/05/2008,14.46
11/06/2008,13.93
11/07/2008,14.21
11/10/2008,14
11/11/2008,13.79
11/12/2008,13.41
11/13/2008,12.94
11/14/2008,13.52
11/17/2008,13.49
11/18/2008,13.18
11/19/2008,12.9
11/20/2008,12.77
11/21/2008,12.47
11/24/2008,13.26
11/25/2008,13.27
11/26/2008,13.66
11/27/2008,13.49
11/28/2008,13.27
12/01/2008,13.27
12/02/2008,12.88
12/03/2008,12.42
12/04/2008,12.21
12/05/2008,12.45
12/08/2008,12.39
12/09/2008,12.6
12/10/2008,12.83
12/11/2008,13.34
12/12/2008,13.31
12/15/2008,13.28
12/16/2008,13.45
12/17/2008,13.64
12/18/2008,13.73
12/19/2008,13.78
12/22/2008,13.61
12/23/2008,13.71
12/26/2008,13.82
12/29/2008,13.61
12/30/2008,14.11
01/02/2009,14.16
01/06/2009,15.32
01/07/2009,14.89
01/08/2009,14.68
01/09/2009,14.88
01/12/2009,14.94
01/13/2009,14.9
01/14/2009,15.06
01/15/2009,14.99
01/16/2009,15.52
01/19/2009,16.02
01/20/2009,15.96
01/21/2009,16.29
01/22/2009,16.67
01/23/2009,16.72
01/26/2009,17.14
01/27/2009,17.16
01/28/2009,17.83
01/29/2009,17.82
01/30/2009,17.89
02/03/2009,18.34
02/04/2009,18.51
02/05/2009,18.75
02/06/2009,19.42
02/09/2009,19.63
02/10/2009,19.31
02/11/2009,19.35
02/12/2009,19.53
02/13/2009,19.91
02/16/2009,19.8
02/17/2009,19.7
02/18/2009,19.61
02/19/2009,19.68
02/20/2009,19.43
02/25/2009,19.58
02/26/2009,19.9
02/27/2009,19.79
03/02/2009,19.28
03/03/2009,19.67
03/04/2009,20.12
03/05/2009,20.03
03/06/2009,20.32
03/09/2009,20.46
03/11/2009,20.78
03/12/2009,21.27
03/13/2009,21.44
03/16/2009,21.64
03/17/2009,21.61
03/18/2009,21.92
03/19/2009,22.07
03/20/2009,21.85
03/23/2009,22.06
03/24/2009,21.86
03/25/2009,21.73
03/26/2009,21.14
03/27/2009,20.41
03/30/2009,20.12
03/31/2009,20.18
04/01/2009,20.52
04/02/2009,21
04/03/2009,21.34
04/06/2009,21.21
04/07/2009,21.27
04/08/2009,21.35
04/09/2009,21.54
04/13/2009,21.61
04/14/2009,21.37
04/15/2009,21.38
04/16/2009,21.48
04/17/2009,21.34
04/20/2009,20.59
04/22/2009,20.77
04/23/2009,20.66
04/24/2009,20.91
04/27/2009,20.59
04/28/2009,20.81
04/29/2009,21.05
04/30/2009,20.86
05/04/2009,21.44
05/05/2009,21.19
05/06/2009,21.55
05/07/2009,21.46
05/08/2009,21.85
05/11/2009,21.86
05/12/2009,21.59
05/13/2009,21.01
05/14/2009,21.2
05/18/2009,21.27
05/19/2009,21.68
05/20/2009,21.82
05/22/2009,21.88
05/25/2009,21.79
05/26/2009,21.87
05/27/2009,21.95
05/28/2009,22
05/29/2009,22.37
06/01/2009,22.51
06/02/2009,22.83
06/03/2009,22.22
06/04/2009,22.44
06/05/2009,22.36
06/08/2009,22.25
06/09/2009,22.13
06/12/2009,22.14
06/15/2009,21.62
06/16/2009,21.25
06/17/2009,21.34
06/18/2009,21.01
06/19/2009,20.79
06/22/2009,20.16
06/23/2009,20.69
06/24/2009,20.66
06/25/2009,21.13
06/26/2009,21.17
06/29/2009,20.89
06/30/2009,20.95
07/01/2009,21.31
07/02/2009,21.09
07/03/2009,21.13
07/06/2009,21.09
07/07/2009,20.82
07/08/2009,20.56
07/10/2009,20.51
07/13/2009,20.71
07/14/2009,20.93
07/15/2009,21.38
07/16/2009,21.43
07/17/2009,21.49
07/20/2009,21.67
07/21/2009,21.78
07/22/2009,21.93
07/23/2009,22.06
07/24/2009,22
07/27/2009,22.3
07/28/2009,22.18
07/29/2009,21.92
07/30/2009,22.31
07/31/2009,22.49
08/03/2009,22.89
08/04/2009,23.07
08/05/2009,23.3
08/06/2009,22.99
08/07/2009,23.2
08/10/2009,23.05
08/11/2009,23.26
08/12/2009,23.82
08/13/2009,24
08/14/2009,24.01
08/17/2009,24.04
08/18/2009,24.65
08/19/2009,24.74
08/20/2009,25.02
08/21/2009,25.63
08/24/2009,25.53
08/25/2009,25.94
08/26/2009,26.2
08/27/2009,26.98
08/28/2009,26.87
08/31/2009,27.29
09/01/2009,27.28
09/02/2009,28.17
09/03/2009,28.73
09/04/2009,29.28
09/08/2009,29.64
09/09/2009,29.68
09/10/2009,30.29
09/11/2009,30.24
09/14/2009,30.53
09/15/2009,30.86
09/16/2009,31.11
09/17/2009,31.11
09/18/2009,31.1
09/21/2009,31.13
09/22/2009,31.35
09/23/2009,31.64
09/24/2009,31.4
09/25/2009,31.66
09/28/2009,31.85
09/29/2009,31.82
09/30/2009,32.27
10/01/2009,31.9
10/02/2009,32.32
10/05/2009,32.52
10/06/2009,32.68
10/07/2009,32.76
10/08/2009,33.07
10/09/2009,32.84
10/13/2009,33.21
10/14/2009,33.37
10/15/2009,33.58
10/16/2009,33.4
10/19/2009,33.41
10/20/2009,32.85
10/21/2009,33.34
10/22/2009,33.41
10/23/2009,33.57
10/26/2009,32.82
10/27/2009,32.91
10/28/2009,32.56
10/29/2009,33.09
10/30/2009,32.71
11/03/2009,32.82
11/04/2009,33.26
11/05/2009,33.27
11/06/2009,33.18
11/09/2009,33.54
11/10/2009,32.93
11/11/2009,32.94
11/12/2009,32.64
11/13/2009,32.95
11/16/2009,32.76
11/17/2009,32.55
11/18/2009,32.66
11/19/2009,32.06
11/20/2009,31.94
11/23/2009,32.07
11/24/2009,32.04
11/25/2009,31.98
11/26/2009,31.73
11/27/2009,31.83
11/30/2009,31.63
12/01/2009,32.35
12/02/2009,32.29
12/03/2009,32.61
12/04/2009,32.47
12/07/2009,32.66
12/08/2009,32.09
12/09/2009,31.99
12/10/2009,32.26
12/11/2009,32.68
12/14/2009,33.22
12/15/2009,32.93
12/16/2009,33.22
12/17/2009,33.16
12/18/2009,33.43
12/21/2009,33.81
12/22/2009,34.35
12/23/2009,35.39
12/28/2009,36.41
12/29/2009,36.43
12/30/2009,37.01
01/04/2010,38.21
01/05/2010,38.5
01/06/2010,39.19
01/07/2010,39.87
01/08/2010,41.02
01/11/2010,40.93
01/12/2010,40.81
01/13/2010,40.35
01/14/2010,40.21
01/15/2010,40.38
01/18/2010,40.7
01/19/2010,40.36
01/20/2010,39.88
01/21/2010,40
01/22/2010,39.71
01/25/2010,39.65
01/26/2010,39.32
01/27/2010,38.72
01/28/2010,38.57
01/29/2010,38.34
02/01/2010,38.8
02/02/2010,39.59
02/03/2010,39.13
02/04/2010,38.32
02/05/2010,38.35
02/08/2010,38.71
02/09/2010,39.23
02/10/2010,39.2
02/11/2010,39.2
02/12/2010,38.93
02/17/2010,39.84
02/18/2010,39.84
02/19/2010,40.36
02/22/2010,40.04
02/23/2010,39.68
02/24/2010,39.69
02/25/2010,39.76
02/26/2010,40.26
03/01/2010,40.39
03/02/2010,40.68
03/03/2010,40.4
03/04/2010,40.14
03/05/2010,40.17
03/08/2010,39.78
03/09/2010,39.76
03/10/2010,39.27
03/11/2010,39.55
03/12/2010,39.3
03/15/2010,39.41
03/16/2010,39.32
03/17/2010,39.21
03/18/2010,38.76
03/19/2010,38.45
03/22/2010,38.13
03/23/2010,38.3
03/24/2010,37.89
03/25/2010,37.84
03/26/2010,37
03/29/2010,37.34
03/30/2010,37.25
03/31/2010,37.68
04/01/2010,37.98
04/05/2010,37.83
04/06/2010,38.48
04/07/2010,37.96
04/08/2010,38.26
04/09/2010,38.16
04/12/2010,38.35
04/13/2010,38.29
04/14/2010,38.32
04/15/2010,37.79
04/16/2010,37.54
04/19/2010,37.16
04/20/2010,35.79
04/22/2010,35.41
04/23/2010,35.15
04/26/2010,33.36
04/27/2010,32.71
04/28/2010,32.76
04/29/2010,31.78
04/30/2010,31.16
05/03/2010,30.3
05/04/2010,29.2
05/05/2010,27.53
05/06/2010,25.98
05/07/2010,25.63
05/10/2010,25.98
05/11/2010,24.33
05/12/2010,24.26
05/13/2010,23.93
05/14/2010,23.43
05/17/2010,23.05
05/18/2010,22.72
05/19/2010,22.21
05/20/2010,21.84
05/21/2010,21.87
05/24/2010,22.02
05/25/2010,22.08
05/26/2010,22.25
05/27/2010,22.58
05/28/2010,22.88
05/31/2010,22.66
06/01/2010,22.25
06/02/2010,22.24
06/04/2010,21.7
06/07/2010,21.56
06/08/2010,21.95
06/09/2010,21.93
06/10/2010,22.5
06/11/2010,22.27
06/14/2010,22.12
06/15/2010,22.32
06/16/2010,22.57
06/17/2010,22.57
06/18/2010,22.76
06/21/2010,22.71
06/22/2010,22.6
06/23/2010,22.5
06/24/2010,22.59
06/25/2010,22.67
06/28/2010,22.7
06/29/2010,22.14
06/30/2010,22.29
07/01/2010,22.39
07/02/2010,22.66
07/05/2010,22.7
07/06/2010,22.44
07/07/2010,22.82
07/08/2010,22.75
07/12/2010,22.79
07/13/2010,22.95
07/14/2010,22.85
07/15/2010,22.85
07/16/2010,22.81
07/19/2010,22.89
07/20/2010,23.14
07/21/2010,23.03
07/22/2010,23.42
07/23/2010,23.38
07/26/2010,23.31
07/27/2010,23.47
07/28/2010,23.77
07/30/2010,24.56
08/02/2010,24.55
08/03/2010,24.71
08/04/2010,25.28
08/05/2010,25.37
08/06/2010,25.33
08/09/2010,25.42
08/10/2010,25.44
08/11/2010,25.31
08/12/2010,25.72
08/13/2010,25.81
08/16/2010,26.63
08/17/2010,26.82
08/18/2010,26.89
08/19/2010,27.1
08/20/2010,27.16
08/24/2010,27.18
08/26/2010,27.57
08/27/2010,27.67
08/30/2010,27.71
08/31/2010,28.13
09/01/2010,28.49
09/02/2010,28.9
09/03/2010,29.16
09/06/2010,29.4
09/08/2010,29.64
09/09/2010,29.87
09/10/2010,30.19
09/13/2010,30.81
09/14/2010,32.2
09/15/2010,32.28
09/16/2010,33.07
09/17/2010,33.57
09/20/2010,33.9
09/21/2010,34.53
09/22/2010,35.11
09/23/2010,35.77
09/24/2010,36.34
09/27/2010,36.99
09/28/2010,37.69
09/29/2010,38.53
09/30/2010,39.19
10/01/2010,40.08
10/04/2010,40.05
10/05/2010,40.97
10/06/2010,41.25
10/07/2010,41.65
10/08/2010,42.82
10/11/2010,42.85
10/13/2010,43.28
10/14/2010,43.08
10/15/2010,43.21
10/18/2010,43.46
10/19/2010,42.91
10/20/2010,43.27
10/21/2010,42.86
10/22/2010,42.93
10/25/2010,43.3
10/26/2010,43.15
10/27/2010,42.86
10/28/2010,43.44
10/29/2010,43.76
11/01/2010,43.68
11/03/2010,43.91
11/04/2010,44.28
11/05/2010,44.52
11/08/2010,44.76
11/09/2010,44.15
11/10/2010,44.36
11/11/2010,44.35
11/12/2010,43.55
11/16/2010,43.12
11/17/2010,43.52
11/18/2010,44.1
11/19/2010,43.54
11/22/2010,43.18
11/23/2010,43.19
11/24/2010,43.79
11/25/2010,44.18
11/26/2010,44.02
11/29/2010,43.83
11/30/2010,44.06
12/01/2010,44.27
12/02/2010,43.96
12/03/2010,44.8
12/06/2010,45.17
12/07/2010,45.28
12/08/2010,44.38
12/10/2010,43.71
12/13/2010,43.97
12/14/2010,44.25
12/15/2010,44.18
12/16/2010,43.89
12/17/2010,43.88
12/20/2010,44.29
12/21/2010,44.54
12/22/2010,44.93
12/23/2010,44.77
12/27/2010,44.97
12/28/2010,45.07
12/29/2010,45.51
12/30/2010,45.87
01/03/2011,46.31
01/04/2011,45.79
01/05/2011,45.58
01/06/2011,44.93
01/10/2011,45.13
01/11/2011,45.06
01/12/2011,45.62
01/13/2011,45.83
01/17/2011,45.22
01/18/2011,45.52
01/19/2011,45.78
01/20/2011,46.01
01/24/2011,45.75
01/25/2011,45.51
01/26/2011,45.85
01/27/2011,45.3
01/28/2011,45.24
01/31/2011,45.35
02/01/2011,45.98
02/02/2011,46.08
02/03/2011,46.09
02/04/2011,45.92
02/07/2011,45.21
02/08/2011,45.93
02/09/2011,45.61
02/10/2011,44.93
02/11/2011,45.51
02/14/2011,45.29
02/15/2011,45.1
02/16/2011,44.75
02/17/2011,45.02
02/18/2011,44.81
02/21/2011,44.58
02/22/2011,44.44
02/23/2011,44.07
02/24/2011,43.67
02/28/2011,43.85
03/01/2011,43.82
03/02/2011,44.34
03/03/2011,44.15
03/04/2011,44.21
03/09/2011,43.63
03/10/2011,43.45
03/11/2011,43.05
03/14/2011,42.85
03/15/2011,42.46
03/16/2011,42.19
03/17/2011,41.64
03/18/2011,42.1
03/21/2011,41.87
03/22/2011,41.83
03/23/2011,42.09
03/24/2011,42.12
03/25/2011,41.84
03/28/2011,41.2
03/29/2011,41.21
03/30/2011,41.31
03/31/2011,41.5
04/01/2011,42.04
04/04/2011,41.72
04/05/2011,42.2
04/06/2011,41.96
04/07/2011,42.44
04/08/2011,42.68
04/11/2011,42.36
04/12/2011,41.86
04/13/2011,42.08
04/14/2011,42.03
04/15/2011,42.1
04/18/2011,41.51
04/19/2011,41.64
04/20/2011,41.87
04/25/2011,41.48
04/26/2011,41.61
04/27/2011,41.12
04/28/2011,40.49
04/29/2011,40.56
05/02/2011,40.37
05/03/2011,40.08
05/04/2011,39.69
05/05/2011,38.95
05/06/2011,38.89
05/09/2011,38.05
05/10/2011,38.22
05/11/2011,38.16
05/12/2011,37.99
05/13/2011,37.35
05/16/2011,37.16
05/17/2011,36.88
05/18/2011,37.05
05/19/2011,36.98
05/20/2011,36.05
05/23/2011,35.11
05/24/2011,34.8
05/25/2011,34.49
05/26/2011,34.76
05/27/2011,34.53
05/30/2011,34.44
05/31/2011,34.68
06/01/2011,34.24
06/02/2011,34.63
06/03/2011,34.16
06/06/2011,33.95
06/07/2011,34.04
06/08/2011,34.05
06/09/2011,33.99
06/10/2011,33.96
06/13/2011,34.12
06/14/2011,34.39
06/15/2011,34.17
06/16/2011,34.06
06/17/2011,34.39
06/20/2011,34.5
06/21/2011,34.86
06/22/2011,35.04
06/24/2011,34.97
06/27/2011,35.02
06/28/2011,35.71
06/29/2011,35.94
06/30/2011,36.35
07/01/2011,36.61
07/04/2011,37.24
07/05/2011,37.26
07/06/2011,37.44
07/07/2011,38.61
07/08/2011,38.94
07/11/2011,39.01
07/12/2011,40.04
07/13/2011,40.36
07/14/2011,41.06
07/15/2011,41.32
07/18/2011,41.48
07/19/2011,42.25
07/20/2011,43.17
07/21/2011,43.68
07/22/2011,43.97
07/25/2011,44.39
07/26/2011,44.61
07/27/2011,44.09
07/28/2011,44
07/29/2011,44.82
08/01/2011,44.64
08/02/2011,44.65
08/03/2011,44.24
08/04/2011,43.76
08/05/2011,43.62
08/08/2011,42.74
08/09/2011,42.85
08/10/2011,42.56
08/11/2011,42.52
08/12/2011,42.64
08/15/2011,43.26
08/16/2011,42.88
08/17/2011,42.75
08/18/2011,42.43
08/19/2011,42.58
08/22/2011,42.71
08/23/2011,42.6
08/24/2011,41.99
08/25/2011,42.11
08/26/2011,42.11
08/29/2011,42.65
08/30/2011,42.78
08/31/2011,42.44
09/01/2011,41.9
09/02/2011,41.22
09/05/2011,40.63
09/06/2011,40.3
09/08/2011,40.42
09/09/2011,39.47
09/12/2011,38.48
09/13/2011,38.56
09/14/2011,38.32
09/15/2011,38.2
09/16/2011,37.7
09/19/2011,37.03
09/20/2011,36.54
09/21/2011,35.4
09/22/2011,33.82
09/23/2011,34.28
09/26/2011,34.75
09/27/2011,34.83
09/28/2011,34.21
09/29/2011,33.76
09/30/2011,33.36
10/03/2011,33.21
10/04/2011,33.19
10/05/2011,34.08
10/06/2011,34.82
10/07/2011,35.23
10/10/2011,35.2
10/11/2011,35.29
10/13/2011,35.23
10/14/2011,35.99
10/17/2011,35.36
10/18/2011,35.58
10/19/2011,35.47
10/20/2011,34.97
10/21/2011,35.66
10/24/2011,36.05
10/25/2011,35.71
10/26/2011,35.93
10/27/2011,37.29
10/28/2011,37.61
10/31/2011,37.43
11/01/2011,36.5
11/03/2011,36.25
11/04/2011,36.54
11/07/2011,36.13
11/08/2011,36.17
11/09/2011,35.99
11/10/2011,36.41
11/11/2011,36.96
11/14/2011,36.59
11/16/2011,36.49
11/17/2011,36.07
11/18/2011,35.81
11/21/2011,35.45
11/22/2011,35.4
11/23/2011,34.34
11/24/2011,33.99
11/25/2011,33.95
11/28/2011,34.55
11/29/2011,34.79
11/30/2011,35.57
12/01/2011,35.64
12/02/2011,35.67
12/05/2011,35.9
12/06/2011,35.62
12/07/2011,35.55
12/08/2011,35.3
12/09/2011,35.31
12/12/2011,34.55
12/13/2011,34.48
12/14/2011,33.89
12/15/2011,34.3
12/16/2011,34.2
12/19/2011,34.06
12/20/2011,34.51
12/21/2011,34.05
12/22/2011,33.95
12/23/2011,33.77
12/26/2011,33.94
12/27/2011,33.85
12/28/2011,33.74
12/29/2011,33.92
01/02/2012,33.78
01/03/2012,34.54
01/04/2012,34.65
01/05/2012,34.25
01/06/2012,33.93
01/09/2012,33.89
01/10/2012,34.58
01/11/2012,34.69
01/12/2012,34.98
01/13/2012,34.62
01/16/2012,34.51
01/17/2012,34.47
01/18/2012,34.68
01/19/2012,34.7
01/20/2012,34.92
01/23/2012,35.13
01/24/2012,34.87
01/25/2012,34.94
01/26/2012,35.4
01/27/2012,35.41
01/30/2012,35.29
01/31/2012,35.28
02/01/2012,35.38
02/02/2012,35.62
02/03/2012,35.73
02/06/2012,34.89
02/07/2012,34.77
02/08/2012,34.64
02/09/2012,34.62
02/10/2012,34.24
02/13/2012,34.31
02/14/2012,34
02/15/2012,33.91
02/16/2012,33.96
02/17/2012,34.1
02/22/2012,34.23
02/23/2012,34.03
02/24/2012,34.09
02/27/2012,33.9
02/28/2012,33.9
02/29/2012,33.52
03/01/2012,33.69
03/02/2012,33.21
03/05/2012,33.09
03/06/2012,32.6
03/07/2012,32.4
03/08/2012,32.48
03/09/2012,32.25
03/12/2012,31.77
03/13/2012,31.67
03/14/2012,31.38
03/15/2012,31.49
03/16/2012,31.51
03/19/2012,31.49
03/20/2012,31.23
03/21/2012,31.34
03/22/2012,31.36
03/23/2012,31.75
03/26/2012,31.72
03/27/2012,31.75
03/28/2012,31.62
03/29/2012,31.81
03/30/2012,31.81
04/02/2012,31.8
04/03/2012,31.79
04/04/2012,31.88
04/05/2012,31.97
04/09/2012,32.16
04/10/2012,32.05
04/11/2012,31.95
04/12/2012,31.89
04/13/2012,31.15
04/16/2012,30.82
04/17/2012,30.47
04/18/2012,29.96
04/19/2012,29.46
04/20/2012,29.4
04/23/2012,29.07
04/24/2012,28.88
04/25/2012,28.84
04/26/2012,28.61
04/27/2012,28.35
04/30/2012,28.04
05/02/2012,27.67
05/03/2012,27.86
05/04/2012,27.89
05/07/2012,28.03
05/08/2012,27.9
05/09/2012,27.67
05/10/2012,27.86
05/11/2012,27.84
05/14/2012,27.46
05/15/2012,27.36
05/16/2012,27.47
05/17/2012,27.52
05/18/2012,27.24
05/21/2012,26.99
05/22/2012,26.52
05/23/2012,26.9
05/24/2012,27
05/25/2012,27.56
05/28/2012,27.74
05/29/2012,27.71
05/30/2012,27.3
05/31/2012,27.41
06/01/2012,27.08
06/04/2012,26.82
06/05/2012,27.3
06/06/2012,26.97
06/08/2012,27.03
06/11/2012,26.87
06/12/2012,26.92
06/13/2012,26.76
06/14/2012,26.86
06/15/2012,26.99
06/18/2012,26.73
06/19/2012,27.1
06/20/2012,26.97
06/21/2012,26.81
06/22/2012,26.75
06/25/2012,26.78
06/26/2012,26.5
06/27/2012,26.43
06/28/2012,26.51
06/29/2012,27.44
07/02/2012,27.89
07/03/2012,27.35
07/04/2012,27.02
07/05/2012,26.88
07/06/2012,26.76
07/10/2012,26.69
07/11/2012,26.95
07/12/2012,26.88
07/13/2012,27.16
07/16/2012,27.61
07/17/2012,28.04
07/18/2012,28.22
07/19/2012,28.65
07/20/2012,28.9
07/23/2012,29.04
07/24/2012,28.97
07/25/2012,29.17
07/26/2012,29.36
07/27/2012,29.37
07/30/2012,29.29
07/31/2012,29.12
08/01/2012,29.05
08/02/2012,28.85
08/03/2012,29.1
08/06/2012,28.94
08/07/2012,28.75
08/08/2012,28.74
08/09/2012,28.84
08/10/2012,28.72
08/13/2012,28.65
08/14/2012,28.39
08/15/2012,27.77
08/16/2012,27.45
08/17/2012,27.36
08/20/2012,27.37
08/21/2012,27.1
08/22/2012,26.96
08/23/2012,26.72
08/24/2012,26.51
08/27/2012,26.29
08/28/2012,26.23
08/29/2012,26.09
08/30/2012,25.93
08/31/2012,26.27
09/03/2012,26.27
09/04/2012,25.71
09/05/2012,25.48
09/06/2012,25.41
09/10/2012,25.15
09/11/2012,25
09/12/2012,24.99
09/13/2012,25.02
09/14/2012,24.75
09/17/2012,24.38
09/18/2012,24.59
09/19/2012,24.64
09/20/2012,24.56
09/21/2012,24.1
09/24/2012,23.74
09/25/2012,23.55
09/26/2012,23.39
09/27/2012,23.2
09/28/2012,23.3
10/01/2012,23.18
10/02/2012,23.2
10/03/2012,23.45
10/04/2012,23.7
10/05/2012,24.11
10/08/2012,24.51
10/09/2012,24.45
10/10/2012,24.55
10/11/2012,24.95
10/15/2012,25.33
10/16/2012,25.49
10/17/2012,25.76
10/18/2012,25.77
10/19/2012,25.82
10/22/2012,25.85
10/23/2012,25.57
10/24/2012,25.83
10/25/2012,25.76
10/26/2012,25.41
10/29/2012,25.1
10/30/2012,25.2
10/31/2012,25.18
11/01/2012,25.01
11/05/2012,24.72
11/06/2012,24.78
11/07/2012,24.75
11/08/2012,24.35
11/09/2012,24.25
11/12/2012,24.24
11/13/2012,24.06
11/14/2012,24.31
11/16/2012,24.33
11/19/2012,24.41
11/20/2012,24.39
11/21/2012,24.19
11/22/2012,24.05
11/23/2012,24.23
11/26/2012,24.19
11/27/2012,24.03
11/28/2012,23.86
11/29/2012,23.57
11/30/2012,23.25
12/03/2012,23.36
12/04/2012,23.37
12/05/2012,23.52
12/06/2012,23.62
12/07/2012,23.36
12/10/2012,23.5
12/11/2012,23.42
12/12/2012,23.61
12/13/2012,23.45
12/14/2012,23.14
12/17/2012,23.19
12/18/2012,23.41
12/19/2012,23.62
12/20/2012,23.97
12/21/2012,23.7
12/26/2012,24.14
12/27/2012,24.19
12/28/2012,24.58
01/02/2013,24.15
01/03/2013,24.17
01/04/2013,24.2
01/07/2013,24.38
01/08/2013,24.12
01/09/2013,24.13
01/10/2013,24.55
01/11/2013,24.3
01/14/2013,24.21
01/15/2013,24.16
01/16/2013,23.9
01/17/2013,23.87
01/18/2013,23.77
01/21/2013,23.81
01/22/2013,23.66
01/23/2013,23.73
01/24/2013,23.8
01/25/2013,23.74
01/28/2013,23.99
01/29/2013,24.1
01/30/2013,24.13
01/31/2013,24.23
02/01/2013,24.37
02/04/2013,24.32
02/05/2013,24.13
02/06/2013,24.05
02/07/2013,24.28
02/08/2013,24.14
02/13/2013,24.36
02/14/2013,24.56
02/15/2013,24.34
02/18/2013,24.71
02/19/2013,24.56
02/20/2013,24.51
02/21/2013,24.28
02/22/2013,24.36
02/25/2013,24.16
02/26/2013,23.92
02/27/2013,24.18
02/28/2013,24.17
03/01/2013,24.09
03/04/2013,24.25
03/05/2013,24.38
03/06/2013,24.24
03/07/2013,24.18
03/08/2013,24.26
03/11/2013,24.36
03/12/2013,24.17
03/13/2013,23.04
03/14/2013,22.46
03/15/2013,21.97
03/18/2013,21.74
03/19/2013,21.62
03/20/2013,21.53
03/21/2013,21.27
03/22/2013,21.16
03/25/2013,21.25
03/26/2013,21.2
03/27/2013,21.51
03/28/2013,21.33
04/01/2013,21.33
04/02/2013,21.23
04/03/2013,21.22
04/04/2013,21.17
04/05/2013,21.39
04/08/2013,21.47
04/09/2013,21.44
04/10/2013,21.72
04/11/2013,21.79
04/12/2013,22.11
04/15/2013,22.12
04/16/2013,22.48
04/17/2013,22.57
04/18/2013,22.44
04/19/2013,22.52
04/22/2013,22.58
04/23/2013,22.6
04/24/2013,22.71
04/25/2013,22.68
04/26/2013,22.76
04/29/2013,22.58
04/30/2013,22.69
05/02/2013,22.41
05/03/2013,22.43
05/06/2013,22.58
05/07/2013,22.64
05/08/2013,22.65
05/09/2013,22.37
05/10/2013,22.21
05/13/2013,22.4
05/14/2013,22.17
05/15/2013,22.03
05/16/2013,21.9
05/17/2013,21.65
05/20/2013,21.55
05/21/2013,21.47
05/22/2013,21.33
05/23/2013,21.35
05/24/2013,21.38
05/27/2013,21.43
05/28/2013,21.32
05/29/2013,20.99
05/31/2013,20.73
06/03/2013,21.07
06/04/2013,20.78
06/05/2013,20.68
06/06/2013,20.84
06/07/2013,20.7
06/10/2013,20.53
06/11/2013,20.51
06/12/2013,20.39
06/13/2013,20.39
06/14/2013,20.25
06/17/2013,20.06
06/18/2013,20.09
06/19/2013,19.91
06/20/2013,19.53
06/21/2013,19.79
06/24/2013,20.01
06/25/2013,20.22
06/26/2013,20.46
06/27/2013,20.56
06/28/2013,20.19
07/01/2013,20.2
07/02/2013,20.1
07/03/2013,19.95
07/04/2013,20.04
07/05/2013,20
07/08/2013,20.04
07/10/2013,19.95
07/11/2013,19.87
07/12/2013,19.8
07/15/2013,19.96
07/16/2013,19.63
07/17/2013,19.75
07/18/2013,19.72
07/19/2013,19.64
07/22/2013,19.68
07/23/2013,19.81
07/24/2013,19.47
07/25/2013,19.66
07/26/2013,19.49
07/29/2013,19.34
07/30/2013,19.12
07/31/2013,19.33
08/01/2013,19.21
08/02/2013,19.44
08/05/2013,19.33
08/06/2013,19.17
08/07/2013,18.99
08/08/2013,18.94
08/09/2013,18.84
08/12/2013,18.61
08/13/2013,18.45
08/14/2013,18.42
08/15/2013,18.3
08/16/2013,18
08/19/2013,17.91
08/20/2013,18.09
08/21/2013,17.89
08/22/2013,17.9
08/23/2013,18.49
08/26/2013,18.3
08/27/2013,18.57
08/28/2013,18.79
08/29/2013,18.5
08/30/2013,18.46
09/02/2013,18.62
09/03/2013,18.82
09/04/2013,18.92
09/05/2013,19.15
09/06/2013,19.29
09/09/2013,19.62
09/10/2013,19.56
09/11/2013,19.7
09/12/2013,19.74
09/13/2013,19.66
09/16/2013,19.75
09/17/2013,19.92
09/18/2013,20.64
09/19/2013,20.7
09/20/2013,20.54
09/23/2013,20.92
09/24/2013,21.02
09/25/2013,20.9
09/26/2013,20.91
09/27/2013,20.77
09/30/2013,21.26
10/01/2013,21.36
10/02/2013,22
10/03/2013,21.98
10/04/2013,22.05
10/07/2013,22.38
10/08/2013,22.45
10/09/2013,22.5
10/10/2013,22.91
10/11/2013,22.94
10/14/2013,23.13
10/15/2013,22.96
10/16/2013,23.27
10/17/2013,23.57
10/18/2013,23.81
10/21/2013,23.88
10/22/2013,24.05
10/23/2013,23.97
10/24/2013,23.84
10/25/2013,24.04
10/28/2013,24.15
10/29/2013,24.14
10/30/2013,24.05
10/31/2013,23.51
11/01/2013,23.19
11/04/2013,23.37
11/05/2013,22.73
11/06/2013,22.72
11/07/2013,22.38
11/08/2013,22.27
11/11/2013,22.13
11/12/2013,22.22
11/13/2013,22.35
11/14/2013,22.5
11/18/2013,23.01
11/19/2013,22.84
11/21/2013,22.43
11/22/2013,22.7
11/25/2013,22.66
11/26/2013,22.58
11/27/2013,22.5
11/28/2013,22.42
11/29/2013,22.1
12/02/2013,21.94
12/03/2013,21.79
12/04/2013,21.64
12/05/2013,21.78
12/06/2013,21.98
12/09/2013,21.99
12/10/2013,22.13
12/11/2013,21.82
12/12/2013,21.86
12/13/2013,21.76
12/16/2013,21.81
12/17/2013,22
12/18/2013,21.52
12/19/2013,21.51
12/20/2013,21.24
12/23/2013,21.4
12/26/2013,21.58
12/27/2013,21.77
12/30/2013,21.74
01/02/2014,21.32
01/03/2014,21.58
01/06/2014,21.57
01/07/2014,21.48
01/08/2014,21.35
01/09/2014,21.25
01/10/2014,21.42
01/13/2014,21.5
01/14/2014,21.42
01/15/2014,21.31
01/16/2014,21.28
01/17/2014,21.15
01/20/2014,21.19
01/21/2014,21.01
01/22/2014,20.96
01/23/2014,20.72
01/24/2014,20.73
01/27/2014,20.55
01/28/2014,20.58
01/29/2014,20.6
01/30/2014,20.63
01/31/2014,20.66
02/03/2014,20.49
02/04/2014,20.66
02/05/2014,20.75
02/06/2014,20.96
02/07/2014,21.06
02/10/2014,20.84
02/11/2014,20.72
02/12/2014,20.66
02/13/2014,20.82
02/14/2014,20.79
02/17/2014,20.91
02/18/2014,20.99
02/19/2014,21.14
02/20/2014,21.23
02/21/2014,21.41
02/24/2014,21.73
02/25/2014,21.91
02/26/2014,21.85
02/27/2014,22.23
02/28/2014,21.99
03/05/2014,22.34
03/06/2014,22.34
03/07/2014,22.06
03/10/2014,22.1
03/11/2014,21.95
03/12/2014,21.92
03/13/2014,21.96
03/14/2014,22.02
03/17/2014,21.99
03/18/2014,22.17
03/19/2014,22.08
03/20/2014,22.3
03/21/2014,22.34
03/24/2014,22.42
03/25/2014,22.55
03/26/2014,22.31
03/27/2014,22.85
03/28/2014,22.97
03/31/2014,22.88
04/01/2014,22.84
04/02/2014,22.79
04/03/2014,22.81
04/04/2014,23.2
04/07/2014,23.41
04/08/2014,23.43
04/09/2014,23.49
04/10/2014,23.36
04/11/2014,23.1
04/14/2014,23.23
04/15/2014,22.94
04/16/2014,23.07
04/17/2014,23.11
04/22/2014,22.99
04/23/2014,23.3
04/24/2014,23.25
04/25/2014,23.21
04/28/2014,23.29
04/29/2014,23.19
04/30/2014,23.11
05/02/2014,23.2
05/05/2014,23.06
05/06/2014,23.33
05/07/2014,23.39
05/08/2014,23.41
05/09/2014,23.34
05/12/2014,23.31
05/13/2014,23.24
05/14/2014,23.23
05/15/2014,23.21
05/16/2014,23.32
05/19/2014,23.17
05/20/2014,23.16
05/21/2014,23.19
05/22/2014,23.18
05/23/2014,23.14
05/26/2014,23.26
05/27/2014,23
05/28/2014,23.06
05/29/2014,22.78
05/30/2014,22.76
06/02/2014,22.52
06/03/2014,22.29
06/04/2014,22.02
06/05/2014,22.13
06/06/2014,22.32
06/09/2014,22.39
06/10/2014,22.39
06/11/2014,22.26
06/13/2014,22.24
06/16/2014,21.97
06/17/2014,21.85
06/18/2014,21.98
06/20/2014,22.07
06/23/2014,22
06/24/2014,21.97
06/25/2014,21.96
06/26/2014,22.19
06/27/2014,22.3
06/30/2014,22.11
07/01/2014,21.96
07/02/2014,21.82
07/03/2014,21.97
07/04/2014,21.79
07/07/2014,21.57
07/08/2014,21.56
07/10/2014,21.6
07/11/2014,21.48
07/14/2014,21.33
07/15/2014,21.05
07/16/2014,20.9
07/17/2014,20.72
07/18/2014,20.93
07/21/2014,20.98
07/22/2014,20.96
07/23/2014,20.97
07/24/2014,20.94
07/25/2014,20.73
07/28/2014,20.82
07/29/2014,20.67
07/30/2014,20.43
07/31/2014,20.3
08/01/2014,20.36
08/04/2014,20.27
08/05/2014,20.04
08/06/2014,20.23
08/07/2014,19.83
08/08/2014,19.87
08/11/2014,20.02
08/12/2014,20.05
08/13/2014,19.89
08/14/2014,20.02
08/15/2014,20.15
08/18/2014,20.16
08/19/2014,20.12
08/20/2014,20.14
08/21/2014,20.11
08/22/2014,19.9
08/25/2014,19.92
08/26/2014,20.07
08/27/2014,20.14
08/28/2014,20.23
08/29/2014,20.12
09/01/2014,20.12
09/02/2014,20.16
09/03/2014,20.37
09/04/2014,20.11
09/05/2014,20.08
09/08/2014,19.86
09/09/2014,19.53
09/10/2014,19.53
09/11/2014,19.55
09/12/2014,18.99
09/15/2014,19
09/16/2014,19.02
09/17/2014,18.88
09/18/2014,18.71
09/19/2014,18.68
09/22/2014,18.47
09/23/2014,18.37
09/24/2014,18.5
09/25/2014,18.3
09/26/2014,18.57
09/29/2014,18.55
09/30/2014,18.6
10/01/2014,18.3
10/02/2014,18.45
10/03/2014,18.63
10/06/2014,19.11
10/07/2014,19.34
10/08/2014,19.6
10/09/2014,19.57
10/10/2014,19.35
10/13/2014,19.67
10/14/2014,19.66
10/15/2014,19.44
10/16/2014,19.31
10/17/2014,19.62
10/20/2014,19.51
10/21/2014,19.59
10/22/2014,19.52
10/23/2014,19.41
10/24/2014,19.75
10/27/2014,19.29
10/28/2014,19.89
10/29/2014,19.96
10/30/2014,20.38
10/31/2014,19.86
11/03/2014,19.76
11/04/2014,19.73
11/05/2014,19.67
11/06/2014,19.59
11/07/2014,19.57
11/10/2014,19.82
11/11/2014,19.82
11/12/2014,19.87
11/13/2014,19.54
11/14/2014,19.55
11/17/2014,19.68
11/18/2014,19.94
11/19/2014,20
11/21/2014,20.6
11/24/2014,20.34
11/25/2014,20.46
11/26/2014,20.75
11/27/2014,20.69
11/28/2014,20.26
12/01/2014,20.44
12/02/2014,20.19
12/03/2014,20.39
12/04/2014,20.2
12/05/2014,20.16
12/08/2014,20
12/09/2014,20.12
12/10/2014,20.08
12/11/2014,19.73
12/12/2014,19.58
12/15/2014,19.38
12/16/2014,18.96
12/17/2014,19.26
12/18/2014,19.65
12/19/2014,19.62
12/22/2014,19.57
12/23/2014,19.22
12/26/2014,19.35
12/29/2014,19.21
12/30/2014,19.63
01/02/2015,19.33
01/05/2015,19.09
01/06/2015,19.1
01/07/2015,18.94
01/08/2015,19.13
01/09/2015,19.37
01/12/2015,19.12
01/13/2015,19.27
01/14/2015,19.48
01/15/2015,19.2
01/16/2015,19.37
01/19/2015,19.05
01/20/2015,19.33
01/21/2015,19.54
01/22/2015,19.86
01/23/2015,19.78
01/26/2015,19.78
01/27/2015,19.8
01/28/2015,19.75
01/29/2015,19.51
01/30/2015,18.99
02/02/2015,18.64
02/03/2015,18.81
02/04/2015,18.36
02/05/2015,18.28
02/06/2015,18.03
02/09/2015,17.99
02/10/2015,17.62
02/11/2015,17.39
02/12/2015,17.65
02/13/2015,17.7
02/18/2015,17.58
02/19/2015,17.51
02/20/2015,17.41
02/23/2015,17.49
02/24/2015,17.63
02/25/2015,17.43
02/26/2015,17.35
02/27/2015,17.48
03/02/2015,17.42
03/03/2015,17.31
03/04/2015,16.97
03/05/2015,16.72
03/06/2015,16.56
03/09/2015,16.28
03/10/2015,16.4
03/11/2015,16.4
03/12/2015,16.24
03/13/2015,15.72
03/16/2015,15.85
03/17/2015,15.73
03/18/2015,15.87
03/19/2015,15.53
03/20/2015,15.84
03/23/2015,16.2
03/24/2015,16.29
03/25/2015,15.94
03/26/2015,15.98
03/27/2015,15.81
03/30/2015,15.9
03/31/2015,16.04
04/01/2015,16.26
04/02/2015,16.53
04/06/2015,16.57
04/07/2015,16.66
04/08/2015,16.88
04/09/2015,16.79
04/10/2015,16.71
04/13/2015,16.47
04/14/2015,16.8
04/15/2015,16.96
04/16/2015,17.08
04/17/2015,16.82
04/20/2015,17.04
04/22/2015,17.12
04/23/2015,17.35
04/24/2015,17.49
04/27/2015,17.66
04/28/2015,17.6
04/29/2015,17.45
04/30/2015,17.09
05/04/2015,16.7
05/05/2015,16.75
05/06/2015,16.91
05/07/2015,16.95
05/08/2015,17.14
05/11/2015,16.86
05/12/2015,17.02
05/13/2015,16.89
05/14/2015,17.18
05/15/2015,17.22
05/18/2015,17.02
05/19/2015,17.01
05/20/2015,17.19
05/21/2015,16.9
05/22/2015,16.54
05/25/2015,16.47
05/26/2015,16.1
05/27/2015,16.04
05/28/2015,15.91
05/29/2015,15.71
06/01/2015,15.75
06/02/2015,15.98
06/03/2015,16.03
06/05/2015,16.01
06/08/2015,16.29
06/09/2015,16.38
06/10/2015,16.2
06/11/2015,16.18
06/12/2015,16.02
06/15/2015,15.85
06/16/2015,15.92
06/17/2015,15.98
06/18/2015,15.76
06/19/2015,15.45
06/22/2015,15.51
06/23/2015,15.48
06/24/2015,15.36
06/25/2015,15.23
06/26/2015,15.24
06/29/2015,15.28
06/30/2015,15.23
07/01/2015,15
07/02/2015,15.26
07/03/2015,15.16
07/06/2015,15.1
07/07/2015,15.03
07/08/2015,14.82
07/10/2015,15.2
07/13/2015,15.48
07/14/2015,15.46
07/15/2015,15.47
07/16/2015,15.36
07/17/2015,15.18
07/20/2015,15.17
07/21/2015,15.27
07/22/2015,14.84
07/23/2015,14.49
07/24/2015,14.22
07/27/2015,14.13
07/28/2015,14.08
07/29/2015,14.17
07/30/2015,14.01
07/31/2015,13.86
08/03/2015,13.66
08/04/2015,13.59
08/05/2015,13.51
08/06/2015,13.23
08/07/2015,13.3
08/10/2015,13.48
08/11/2015,13.22
08/12/2015,13.4
08/13/2015,13.34
08/14/2015,13.47
08/17/2015,13.46
08/18/2015,13.51
08/19/2015,13.48
08/20/2015,13.65
08/21/2015,13.45
08/24/2015,13.22
08/25/2015,13.04
08/26/2015,13.04
08/27/2015,13.25
08/28/2015,13.19
08/31/2015,12.97
09/01/2015,12.84
09/02/2015,12.72
09/03/2015,12.81
09/04/2015,12.57
09/08/2015,12.79
09/09/2015,13.02
09/10/2015,12.93
09/11/2015,13
09/14/2015,13.26
09/15/2015,13.16
09/16/2015,13.33
09/17/2015,13.31
09/18/2015,13.13
09/21/2015,13.15
09/22/2015,12.95
09/23/2015,12.77
09/24/2015,13.08
09/25/2015,13.43
09/28/2015,13.19
09/29/2015,13.38
09/30/2015,13.69
10/01/2015,13.99
10/02/2015,14.26
10/05/2015,14.64
10/06/2015,15.2
10/07/2015,15.43
10/08/2015,15.94
10/09/2015,16.37
10/13/2015,16.16
10/14/2015,16.73
10/15/2015,16.97
10/16/2015,17.01
10/19/2015,16.83
10/20/2015,17.17
10/21/2015,17.25
10/22/2015,17.41
10/23/2015,17.91
10/26/2015,18.11
10/27/2015,18.28
10/28/2015,18.39
10/29/2015,18.81
10/30/2015,19.01
11/03/2015,19.59
11/04/2015,19.45
11/05/2015,19.72
11/06/2015,19.82
11/09/2015,19.74
11/10/2015,19.92
11/11/2015,20.15
11/12/2015,20.2
11/13/2015,19.99
11/16/2015,20.18
11/17/2015,20.19
11/18/2015,20.39
11/19/2015,20.68
11/23/2015,20.77
11/24/2015,21.01
11/25/2015,20.76
11/26/2015,20.78
11/27/2015,20.57
11/30/2015,20.18
12/01/2015,20.32
12/02/2015,20.42
12/03/2015,20.98
12/04/2015,21.22
12/07/2015,21.12
12/08/2015,20.89
12/09/2015,21.3
12/10/2015,20.98
12/11/2015,20.74
12/14/2015,20.76
12/15/2015,20.88
12/16/2015,20.75
12/17/2015,20.9
12/18/2015,20.7
12/21/2015,20.32
12/22/2015,20.45
12/23/2015,20.69
12/28/2015,21.19
12/29/2015,21.2
12/30/2015,20.75
01/04/2016,20.42
01/05/2016,20.81
01/06/2016,20.6
01/07/2016,20.51
01/08/2016,20.56
01/11/2016,20.62
01/12/2016,20.8
01/13/2016,21.1
01/14/2016,21.03
01/15/2016,20.86
01/18/2016,20.98
01/19/2016,20.87
01/20/2016,20.55
01/21/2016,20.41
01/22/2016,20.57
01/25/2016,20.5
01/26/2016,20.5
01/27/2016,20.33
01/28/2016,20.49
01/29/2016,20.71
02/01/2016,20.91
02/02/2016,20.72
02/03/2016,21.01
02/04/2016,21.13
02/05/2016,21.03
02/10/2016,20.84
02/11/2016,20.57
02/12/2016,20.42
02/15/2016,20.39
02/16/2016,20.02
02/17/2016,20.31
02/18/2016,20.01
02/19/2016,20
02/22/2016,20.55
02/23/2016,20.4
02/24/2016,20.27
02/25/2016,20.23
02/26/2016,19.99
02/29/2016,19.88
03/01/2016,20.03
03/02/2016,20.27
03/03/2016,20.61
03/04/2016,20.81
03/07/2016,20.66
03/08/2016,20.84
03/09/2016,21.1
03/10/2016,21.5
03/11/2016,21.59
03/14/2016,21.38
03/15/2016,20.66
03/16/2016,20.53
03/17/2016,21.01
03/18/2016,21.25
03/21/2016,21.23
03/22/2016,21.31
03/23/2016,20.78
03/24/2016,20.82
03/28/2016,21.17
03/29/2016,21.11
03/30/2016,21.18
03/31/2016,21.27
04/01/2016,21.47
04/04/2016,21.21
04/05/2016,20.85
04/06/2016,20.88
04/07/2016,20.68
04/08/2016,21.12
04/11/2016,21.64
04/12/2016,21.6
04/13/2016,21.74
04/14/2016,21.71
04/15/2016,21.59
04/18/2016,21.22
04/19/2016,21.5
04/20/2016,21.42
04/22/2016,21.23
04/25/2016,21.48
04/26/2016,21.63
04/27/2016,21.54
04/28/2016,21.58
04/29/2016,21.86
05/02/2016,21.62
05/03/2016,21
05/04/2016,21.26
05/05/2016,21.19
05/06/2016,21.53
05/09/2016,21.41
05/10/2016,21.68
05/11/2016,21.83
05/12/2016,21.65
05/13/2016,21.27
05/16/2016,21.58
05/17/2016,21.63
05/18/2016,21.27
05/19/2016,21.22
05/20/2016,21.48
05/23/2016,21.31
05/24/2016,21.22
05/25/2016,21.19
05/27/2016,21.18
05/30/2016,21.52
05/31/2016,21.36
06/01/2016,21.56
06/02/2016,21.84
06/03/2016,22.4
06/06/2016,22.86
06/07/2016,23.26
06/08/2016,24.01
06/09/2016,24.24
06/10/2016,24.09
06/13/2016,23.89
06/14/2016,24.1
06/15/2016,24.33
06/16/2016,24.47
06/17/2016,24.92
06/20/2016,25.33
06/21/2016,25.45
06/22/2016,25.64
06/23/2016,25.94
06/24/2016,25.91
06/27/2016,25.7
06/28/2016,26.53
06/29/2016,27.24
06/30/2016,27.34
07/01/2016,27.21
07/04/2016,26.96
07/05/2016,26.74
07/06/2016,26.28
07/07/2016,26.1
07/08/2016,26.46
07/11/2016,26.26
07/12/2016,26.22
07/13/2016,26.28
07/14/2016,26.49
07/15/2016,26.57
07/18/2016,26.43
07/19/2016,26.44
07/20/2016,26.5
07/21/2016,26.37
07/22/2016,26.62
07/25/2016,26.23
07/26/2016,26.29
07/27/2016,26.26
07/28/2016,26.15
07/29/2016,26.51
08/01/2016,26.07
08/02/2016,26.11
08/03/2016,26.35
08/04/2016,26.79
08/05/2016,27.07
08/08/2016,27.04
08/09/2016,27.32
08/10/2016,27.51
08/11/2016,27.31
08/12/2016,26.96
08/15/2016,27.08
08/16/2016,27.16
08/17/2016,26.8
08/18/2016,26.44
08/19/2016,26.66
08/22/2016,26.77
08/23/2016,26.63
08/24/2016,26.74
08/25/2016,26.61
08/26/2016,26.53
08/29/2016,26.66
08/30/2016,26.64
08/31/2016,26.69
09/01/2016,26.61
09/02/2016,26.39
09/05/2016,26.28
09/06/2016,26.73
09/08/2016,26.95
09/09/2016,26.36
09/12/2016,26.7
09/13/2016,26.15
09/14/2016,25.71
09/15/2016,26.07
09/16/2016,26.29
09/19/2016,26.43
09/20/2016,26.58
09/21/2016,27.02
09/22/2016,27.38
09/23/2016,27.39
09/26/2016,27.44
09/27/2016,27.87
09/28/2016,28.38
09/29/2016,29.03
09/30/2016,29.13
10/03/2016,29.44
10/04/2016,29
10/05/2016,29.52
10/06/2016,29.62
10/07/2016,30.01
10/10/2016,30.1
10/11/2016,30.34
10/13/2016,30.51
10/14/2016,30.47
10/17/2016,30.68
10/18/2016,30.91
10/19/2016,31.12
10/20/2016,31.41
10/21/2016,31.03
10/24/2016,31.85
10/25/2016,32.29
10/26/2016,32.03
10/27/2016,31.91
10/28/2016,31.57
10/31/2016,31.67
11/01/2016,31.08
11/03/2016,30.97
11/04/2016,31.23
11/07/2016,31.43
11/08/2016,31.62
11/09/2016,31.11
11/10/2016,29.68
11/11/2016,29.36
11/14/2016,28.84
11/16/2016,28.86
11/17/2016,28.76
11/18/2016,28.95
11/21/2016,29.1
11/22/2016,28.68
11/23/2016,28.3
11/24/2016,28.13
11/25/2016,27.85
11/28/2016,28.19
11/29/2016,27.8
11/30/2016,27.91
12/01/2016,27.06
12/02/2016,27.23
12/05/2016,27.33
12/06/2016,27.51
12/07/2016,27.42
12/08/2016,27.49
12/09/2016,27.56
12/12/2016,27.7
12/13/2016,27.66
12/14/2016,27.46
12/15/2016,27.34
12/16/2016,27.12
12/19/2016,27.08
12/20/2016,27.31
12/21/2016,27.27
12/22/2016,27.48
12/23/2016,27.76
12/26/2016,27.63
12/27/2016,27.85
12/28/2016,27.6
12/29/2016,27.82
01/02/2017,27.37
01/03/2017,27.59
01/04/2017,27.74
01/05/2017,27.83
01/06/2017,27.68
01/09/2017,27.94
01/10/2017,27.99
01/11/2017,27.93
01/12/2017,28.1
01/13/2017,27.62
01/16/2017,27.36
01/17/2017,27.44
01/18/2017,27.4
01/19/2017,27.47
01/20/2017,27.49
01/23/2017,27.45
01/24/2017,27.46
01/25/2017,27.28
01/26/2017,27.02
01/27/2017,27.19
01/30/2017,27.57
01/31/2017,27.22
02/01/2017,26.91
02/02/2017,27.21
02/03/2017,27.11
02/06/2017,27.1
02/07/2017,26.95
02/08/2017,26.91
02/09/2017,26.56
02/10/2017,26.89
02/13/2017,26.8
02/14/2017,26.87
02/15/2017,27.18
02/16/2017,26.88
02/17/2017,26.75
02/20/2017,26.62
02/21/2017,26.51
02/22/2017,26.7
02/23/2017,26.8
02/24/2017,26.16
03/01/2017,26.1
03/02/2017,25.69
03/03/2017,25.8
03/06/2017,25.74
03/07/2017,25.62
03/08/2017,25.02
03/09/2017,24.67
03/10/2017,24.96
03/13/2017,24.68
03/14/2017,24.55
03/15/2017,25.03
03/16/2017,24.9
03/17/2017,24.85
03/20/2017,24.86
03/21/2017,24.75
03/22/2017,24.85
03/23/2017,24.52
03/24/2017,24.56
03/27/2017,24.13
03/28/2017,23.68
03/29/2017,23.97
03/30/2017,23.52
03/31/2017,23.66
04/03/2017,23.85
04/04/2017,24.04
04/05/2017,23.96
04/06/2017,23.4
04/07/2017,23.32
04/10/2017,23.51
04/11/2017,23.44
04/12/2017,23.48
04/13/2017,23.46
04/17/2017,23.72
04/18/2017,23.5
04/19/2017,23.43
04/20/2017,23.42
04/24/2017,23.82
04/25/2017,23.73
04/26/2017,23.74
04/27/2017,23.89
04/28/2017,24.12
05/02/2017,24.43
05/03/2017,24.49
05/04/2017,24.05
05/05/2017,24.11
05/08/2017,24.04
05/09/2017,24.13
05/10/2017,24.25
05/11/2017,24.2
05/12/2017,24.42
05/15/2017,24.49
05/16/2017,24.6
05/17/2017,24.5
05/18/2017,22.6
05/19/2017,23.47
05/22/2017,23.45
05/23/2017,23.74
05/24/2017,23.81
05/25/2017,23.61
05/26/2017,23.73
05/29/2017,23.83
05/30/2017,23.83
05/31/2017,24.01
06/01/2017,23.83
06/02/2017,23.57
06/05/2017,23.16
06/06/2017,23.19
06/07/2017,22.98
06/08/2017,23.02
06/09/2017,22.75
06/12/2017,22.58
06/13/2017,22.52
06/14/2017,22.32
06/16/2017,22.33
06/19/2017,22.23
06/20/2017,21.57
06/21/2017,21.29
06/22/2017,21.08
06/23/2017,20.91
06/26/2017,20.68
06/27/2017,20.38
06/28/2017,20.48
06/29/2017,20.01
06/30/2017,19.52
07/03/2017,19.19
07/04/2017,19.07
07/05/2017,19.2
07/06/2017,19.18
07/07/2017,19.28
07/10/2017,19.51
07/11/2017,19.51
07/12/2017,19.81
07/13/2017,19.46
07/14/2017,19.63
07/17/2017,19.27
07/18/2017,19.2
07/19/2017,18.97
07/20/2017,19.01
07/21/2017,18.9
07/24/2017,18.8
07/25/2017,18.67
07/26/2017,18.71
07/27/2017,18.56
07/28/2017,18.65
07/31/2017,18.77
08/01/2017,18.58
08/02/2017,18.44
08/03/2017,18.37
08/04/2017,18.39
08/07/2017,18.31
08/08/2017,17.87
08/09/2017,17.48
08/10/2017,17.25
08/11/2017,17.31
08/14/2017,17.02
08/15/2017,17
08/16/2017,17.08
08/17/2017,16.8
08/18/2017,16.96
08/21/2017,16.82
08/22/2017,16.67
08/23/2017,16.84
08/24/2017,16.75
08/25/2017,16.69
08/28/2017,16.74
08/29/2017,16.77
08/30/2017,16.7
08/31/2017,16.61
09/01/2017,16.62
09/04/2017,16.67
09/05/2017,16.67
09/06/2017,16.77
09/08/2017,16.84
09/11/2017,16.84
09/12/2017,16.7
09/13/2017,16.85
09/14/2017,16.96
09/15/2017,16.89
09/18/2017,16.77
09/19/2017,16.7
09/20/2017,16.81
09/21/2017,16.71
09/22/2017,16.86
09/25/2017,16.64
09/26/2017,16.43
09/27/2017,16.41
09/28/2017,16.47
09/29/2017,16.67
10/02/2017,16.7
10/03/2017,16.83
10/04/2017,16.99
10/05/2017,16.91
10/06/2017,16.83
10/09/2017,16.66
10/10/2017,16.74
10/11/2017,16.85
10/13/2017,16.97
10/16/2017,17.02
10/17/2017,17.11
10/18/2017,17.28
10/19/2017,17.26
10/20/2017,17.28
10/23/2017,17.28
10/24/2017,17.16
10/25/2017,17.29
10/26/2017,17.25
10/27/2017,17.59
10/30/2017,17.43
10/31/2017,17.67
11/01/2017,17.87
11/03/2017,17.8
11/06/2017,18.48
11/07/2017,18.61
11/08/2017,18.89
11/09/2017,19.17
11/10/2017,19.41
11/13/2017,19.43
11/14/2017,19.67
11/16/2017,19.68
11/17/2017,20.06
11/21/2017,20.32
11/22/2017,20.44
11/23/2017,20.66
11/24/2017,20.69
11/27/2017,20.96
11/28/2017,21.12
11/29/2017,21.15
11/30/2017,21.09
12/01/2017,21.28
12/04/2017,21.5
12/05/2017,21.42
12/06/2017,21.34
12/07/2017,21.15
12/08/2017,21.18
12/11/2017,20.99
12/12/2017,20.64
12/13/2017,20.76
12/14/2017,20.59
12/15/2017,20.92
12/18/2017,21.03
12/19/2017,20.89
12/20/2017,20.57
12/21/2017,20.54
12/22/2017,20.15
12/26/2017,20.2
12/27/2017,20.41
12/28/2017,20.23
01/02/2018,20.63
01/03/2018,20.67
01/04/2018,20.79
01/05/2018,20.43
01/08/2018,20.23
01/09/2018,20.02
01/10/2018,19.94
01/11/2018,19.7
01/12/2018,19.55
01/15/2018,19.25
01/16/2018,18.7
01/17/2018,18.34
01/18/2018,18.21
01/19/2018,18.23
01/22/2018,18.2
01/23/2018,17.74
01/24/2018,17.81
01/25/2018,18.13
01/26/2018,17.91
01/29/2018,17.61
01/30/2018,17.68
01/31/2018,17.39
02/01/2018,17.43
02/02/2018,17.09
02/05/2018,16.86
02/06/2018,16.67
02/07/2018,16.48
02/08/2018,16.5
02/09/2018,16.44
02/14/2018,16.88
02/15/2018,16.4
02/16/2018,16.56
02/19/2018,16.39
02/20/2018,16.29
02/21/2018,16.08
02/22/2018,16.06
02/23/2018,15.96
02/26/2018,15.94
02/27/2018,15.63
02/28/2018,15.86
03/01/2018,15.73
03/02/2018,15.63
03/05/2018,15.84
03/06/2018,15.9
03/07/2018,15.85
03/08/2018,15.77
03/09/2018,15.75
03/12/2018,15.59
03/13/2018,15.68
03/14/2018,15.61
03/15/2018,15.3
03/16/2018,15.28
03/19/2018,15.43
03/20/2018,15.25
03/21/2018,15.45
03/22/2018,15.55
03/23/2018,15.6
03/26/2018,15.83
03/27/2018,15.71
03/28/2018,15.95
03/29/2018,16.18
04/02/2018,16.12
04/03/2018,16.04
04/04/2018,16.15
04/05/2018,16.18
04/06/2018,16.07
04/09/2018,16.01
04/10/2018,16.14
04/11/2018,16.29
04/12/2018,16.25
04/13/2018,16.01
04/16/2018,16.09
04/17/2018,16.24
04/18/2018,16.33
04/19/2018,16.36
04/20/2018,16.36
04/23/2018,16.24
04/24/2018,16.09
04/25/2018,15.9
04/26/2018,15.79
04/27/2018,15.85
04/30/2018,15.72
05/02/2018,15.62
05/03/2018,15.69
05/04/2018,15.76
05/07/2018,15.67
05/08/2018,15.46
05/09/2018,15.25
05/10/2018,15.17
05/11/2018,14.86
05/14/2018,14.53
05/15/2018,14.51
05/16/2018,14.43
05/17/2018,14.51
05/18/2018,14.32
05/21/2018,14.38
05/22/2018,14.52
05/23/2018,14.8
05/24/2018,14.92
05/25/2018,14.82
05/28/2018,14.82
05/29/2018,14.8
05/30/2018,14.9
06/01/2018,14.93
06/04/2018,15.33
06/05/2018,14.96
06/06/2018,14.79
06/07/2018,14.55
06/08/2018,15.46
06/11/2018,15.71
06/12/2018,15.52
06/13/2018,15.6
06/14/2018,15.21
06/15/2018,15.58
06/18/2018,15.61
06/19/2018,15.58
06/20/2018,15.19
06/21/2018,15.21
06/22/2018,15.41
06/25/2018,15.58
06/26/2018,15.36
06/27/2018,15.26
06/28/2018,15.09
06/29/2018,15.07
07/02/2018,14.97
07/03/2018,14.96
07/04/2018,14.79
07/05/2018,14.72
07/06/2018,14.61
07/10/2018,14.92
07/11/2018,14.48
07/12/2018,14.32
07/13/2018,14.36
07/16/2018,14.08
07/17/2018,14.18
07/18/2018,14.23
07/19/2018,13.92
07/20/2018,14.24
07/23/2018,14.11
07/24/2018,14.3
07/25/2018,14.54
07/26/2018,14.5
07/27/2018,14.19
07/30/2018,14.16
07/31/2018,13.93
08/01/2018,13.66
08/02/2018,13.46
08/03/2018,13.7
08/06/2018,13.82
08/07/2018,13.43
08/08/2018,13.29
08/09/2018,13.36
08/10/2018,13.17
08/13/2018,12.96
08/14/2018,12.93
08/15/2018,12.88
08/16/2018,12.77
08/17/2018,12.71
08/20/2018,12.77
08/21/2018,12.47
08/22/2018,12.57
08/23/2018,12.58
08/24/2018,12.78
08/27/2018,12.99
08/28/2018,12.98
08/29/2018,13.27
08/30/2018,13.12
08/31/2018,13.64
09/03/2018,13.52
09/04/2018,13.62
09/05/2018,13.9
09/06/2018,14.01
09/10/2018,14.37
09/11/2018,14.29
09/12/2018,14.35
09/13/2018,14.46
09/14/2018,14.79
09/17/2018,15.34
09/18/2018,15.26
09/19/2018,15.3
09/20/2018,15.37
09/21/2018,15.39
09/24/2018,15.15
09/25/2018,15.16
09/26/2018,15.48
09/27/2018,15.64
09/28/2018,15.49
10/01/2018,15.37
10/02/2018,15.66
10/03/2018,15.83
10/04/2018,16
10/05/2018,16.33
10/08/2018,16.78
10/09/2018,17.05
10/10/2018,16.92
10/11/2018,16.88
10/15/2018,17.26
10/16/2018,17.27
10/17/2018,17.4
10/18/2018,17.66
10/19/2018,17.77
10/22/2018,17.81
10/23/2018,17.47
10/24/2018,17.59
10/25/2018,18.03
10/26/2018,18.28
10/29/2018,17.97
10/30/2018,17.86
10/31/2018,17.77
11/01/2018,17.99
11/05/2018,17.83
11/06/2018,17.73
11/07/2018,18
11/08/2018,18.09
11/09/2018,18.19
11/12/2018,17.87
11/13/2018,17.54
11/14/2018,17.76
11/16/2018,17.96
11/19/2018,18.01
11/21/2018,17.91
11/22/2018,17.93
11/23/2018,17.85
11/26/2018,17.71
11/27/2018,17.73
11/28/2018,17.96
11/29/2018,17.88
11/30/2018,17.76
12/03/2018,18.11
12/04/2018,17.82
12/05/2018,17.72
12/06/2018,17.57
12/07/2018,17.64
12/10/2018,17.44
12/11/2018,17.42
12/12/2018,17.86
12/13/2018,17.67
12/14/2018,17.61
12/17/2018,17.66
12/18/2018,17.5
12/19/2018,17.71
12/20/2018,17.87
12/21/2018,17.63
12/26/2018,17.5
12/27/2018,17.5
12/28/2018,17.6
01/02/2019,17.87
01/03/2019,18.24
01/04/2019,18.43
01/07/2019,18.46
01/08/2019,18.54
01/09/2019,18.65
01/10/2019,18.42
01/11/2019,18.47
01/14/2019,18.57
01/15/2019,18.46
01/16/2019,18.52
01/17/2019,18.26
01/18/2019,18.38
01/21/2019,18.34
01/22/2019,18.17
01/23/2019,18.33
01/24/2019,18.21
01/25/2019,18.45
01/28/2019,18.35
01/29/2019,18.57
01/30/2019,18.62
01/31/2019,18.95
02/01/2019,19.05
02/04/2019,19.05
02/05/2019,19.18
02/06/2019,18.83
02/07/2019,18.88
02/08/2019,18.71
02/11/2019,18.56
02/12/2019,18.94
02/13/2019,18.62
02/14/2019,18.53
02/15/2019,18.47
02/18/2019,18.44
02/19/2019,18.2
02/20/2019,18.06
02/21/2019,17.82
02/22/2019,18.09
02/25/2019,17.9
02/26/2019,17.87
02/27/2019,17.34
02/28/2019,17.62
03/01/2019,17.61
03/06/2019,17.41
03/07/2019,17.28
03/08/2019,17.51
03/11/2019,17.7
03/12/2019,17.94
03/13/2019,17.76
03/14/2019,17.81
03/15/2019,18.1
03/18/2019,18.24
03/19/2019,18
03/20/2019,18.03
03/21/2019,17.75
03/22/2019,17.39
03/25/2019,17.44
03/26/2019,17.63
03/27/2019,17.23
03/28/2019,17.46
03/29/2019,17.58
04/01/2019,17.86
04/02/2019,17.77
04/03/2019,17.6
04/04/2019,17.56
04/05/2019,17.05
04/08/2019,17.21
04/09/2019,17.33
04/10/2019,17.51
04/11/2019,17.47
04/12/2019,17.45
04/15/2019,17.58
04/16/2019,17.57
04/17/2019,17.57
04/18/2019,17.76
04/22/2019,17.69
04/23/2019,17.69
04/24/2019,17.39
04/25/2019,17.67
04/26/2019,17.69
04/29/2019,17.82
04/30/2019,17.83
05/02/2019,17.64
05/03/2019,17.86
05/06/2019,17.86
05/07/2019,17.82
05/08/2019,17.98
05/09/2019,17.8
05/10/2019,17.88
05/13/2019,17.92
05/14/2019,17.89
05/15/2019,17.72
05/16/2019,17.36
05/17/2019,16.97
05/20/2019,17.01
05/21/2019,17.27
05/22/2019,16.91
05/23/2019,16.87
05/24/2019,16.84
05/27/2019,17.03
05/28/2019,16.67
05/29/2019,16.39
05/30/2019,16.55
05/31/2019,16.27
06/03/2019,16.3
06/04/2019,16.39
06/05/2019,16.14
06/06/2019,16.35
06/07/2019,16.39
06/10/2019,16.28
06/11/2019,16.25
06/12/2019,16.04
06/13/2019,16.19
06/14/2019,16.04
06/17/2019,16.13
06/18/2019,16.36
06/19/2019,16.37
06/21/2019,16.21
06/24/2019,16.41
06/25/2019,15.99
06/26/2019,15.91
06/27/2019,16.05
06/28/2019,16.02
07/01/2019,15.89
07/02/2019,15.91
07/03/2019,15.96
07/04/2019,16.02
07/05/2019,15.77
07/08/2019,15.76
07/10/2019,16.05
07/11/2019,16.12
07/12/2019,16.17
07/15/2019,16.11
07/16/2019,16.02
07/17/2019,15.99
07/18/2019,16.09
07/19/2019,15.93
07/22/2019,15.79
07/23/2019,15.53
07/24/2019,15.37
07/25/2019,15.22
07/26/2019,15.49
07/29/2019,15.56
07/30/2019,15.37
07/31/2019,15.44
08/01/2019,15.16
08/02/2019,15.07
08/05/2019,15
08/06/2019,15.03
08/07/2019,15.03
08/08/2019,15.2
08/09/2019,15.11
08/12/2019,15.2
08/13/2019,15.13
08/14/2019,14.94
08/15/2019,15.02
08/16/2019,14.97
08/19/2019,14.82
08/20/2019,14.92
08/21/2019,15
08/22/2019,14.7
08/23/2019,14.66
08/26/2019,14.66
08/27/2019,14.67
08/28/2019,14.66
08/29/2019,14.74
08/30/2019,14.83
09/02/2019,14.75
09/03/2019,14.68
09/04/2019,14.87
09/05/2019,14.63
09/06/2019,14.7
09/09/2019,14.75
09/10/2019,14.68
09/11/2019,14.8
09/12/2019,14.88
09/13/2019,14.66
09/16/2019,14.7
09/17/2019,14.91
09/18/2019,14.81
09/19/2019,14.55
09/20/2019,14.73
09/23/2019,14.67
09/24/2019,14.81
09/25/2019,14.95
09/26/2019,15.04
09/27/2019,15.08
09/30/2019,15.18
10/01/2019,15.31
10/02/2019,15.54
10/03/2019,15.79
10/04/2019,15.92
10/07/2019,15.77
10/08/2019,15.85
10/09/2019,15.85
10/10/2019,15.68
10/11/2019,15.9
10/14/2019,15.76
10/15/2019,15.69
10/16/2019,15.55
10/17/2019,15.69
10/18/2019,15.86
10/21/2019,15.9
10/22/2019,16.19
10/23/2019,16.25
10/24/2019,16.14
10/25/2019,16.42
10/28/2019,16.46
10/29/2019,16.27
10/30/2019,16.35
10/31/2019,16.25
11/01/2019,16.33
11/04/2019,16.37
11/05/2019,16.37
11/06/2019,16.1
11/07/2019,16.13
11/08/2019,15.91
11/11/2019,15.9
11/12/2019,15.81
11/13/2019,15.65
11/14/2019,15.67
11/18/2019,15.6
11/19/2019,15.67
11/21/2019,15.56
11/22/2019,15.69
11/25/2019,15.59
11/26/2019,15.51
11/27/2019,15.3
11/28/2019,15.64
11/29/2019,15.48
12/02/2019,15.66
12/03/2019,15.8
12/04/2019,15.97
12/05/2019,16.1
12/06/2019,16.44
12/09/2019,16.63
12/10/2019,16.44
12/11/2019,16.69
12/12/2019,17.24
12/13/2019,16.97
12/16/2019,17.39
12/17/2019,17.49
12/18/2019,17.73
12/19/2019,17.63
12/20/2019,17.64
12/23/2019,17.89
12/26/2019,18.23
12/27/2019,18.35
12/30/2019,18.24
01/02/2020,18.07
01/03/2020,18.14
01/06/2020,18.11
01/07/2020,18.19
01/08/2020,18.11
01/09/2020,17.75
01/10/2020,17.68
01/13/2020,17.56
01/14/2020,17.68
01/15/2020,17.58
01/16/2020,17.45
01/17/2020,17.66
01/20/2020,17.85
01/21/2020,17.79
01/22/2020,18.02
01/23/2020,18.2
01/24/2020,18.18
01/27/2020,18.18
01/28/2020,18.18
01/29/2020,18.05
01/30/2020,17.91
01/31/2020,17.69
02/03/2020,17.78
02/04/2020,17.88
02/05/2020,18.08
02/06/2020,18.02
02/07/2020,17.87
02/10/2020,17.87
02/11/2020,17.81
02/12/2020,17.65
02/13/2020,17.72
02/14/2020,18.22
02/17/2020,18.13
02/18/2020,18.16
02/19/2020,18.3
02/20/2020,18.34
02/21/2020,18.37
02/26/2020,18.27
02/27/2020,18.07
02/28/2020,18.01
03/02/2020,17.99
03/03/2020,18.03
03/04/2020,17.66
03/05/2020,17.28
03/06/2020,17.48
03/09/2020,16.89
03/10/2020,16.99
03/11/2020,16.76
03/12/2020,16.56
03/13/2020,16.53
03/16/2020,15.59
03/17/2020,15.5
03/18/2020,14.65
03/19/2020,15.12
03/20/2020,15.34
03/23/2020,15.12
03/24/2020,15.25
03/25/2020,15.32
03/26/2020,15.42
03/27/2020,15.09
03/30/2020,14.52
03/31/2020,14.56
04/01/2020,14.52
04/02/2020,14.59
04/03/2020,14.63
04/06/2020,14.86
04/07/2020,14.93
04/08/2020,15.29
04/09/2020,15.44
04/13/2020,15.3
04/14/2020,15.27
04/15/2020,14.94
04/16/2020,14.82
04/17/2020,14.87
04/20/2020,14.57
04/22/2020,14.28
04/23/2020,13.99
04/24/2020,13.5
04/27/2020,13.19
04/28/2020,13.69
04/29/2020,14.09
04/30/2020,13.94
05/04/2020,13.64
05/05/2020,13.35
05/06/2020,13.14
05/07/2020,12.62
05/08/2020,12.99
05/11/2020,12.87
05/12/2020,12.76
05/13/2020,12.6
05/14/2020,12.7
05/15/2020,12.66
05/18/2020,12.9
05/19/2020,12.84
05/20/2020,13.21
05/21/2020,13.52
05/22/2020,13.39
05/25/2020,13.39
05/26/2020,13.94
05/27/2020,14.22
05/28/2020,14.18
05/29/2020,14.38
06/01/2020,14.28
06/02/2020,14.6
06/03/2020,14.94
06/04/2020,14.88
06/05/2020,15.56
06/08/2020,15.61
06/09/2020,15.77
06/10/2020,15.58
06/12/2020,15.09
06/15/2020,14.7
06/16/2020,14.53
06/17/2020,14.49
06/18/2020,14.2
06/19/2020,14.4
06/22/2020,14.51
06/23/2020,14.93
06/24/2020,14.24
06/25/2020,14.04
06/26/2020,13.9
06/29/2020,14.05
06/30/2020,13.99
07/01/2020,14.32
07/02/2020,14.29
07/03/2020,14.3
07/06/2020,14.34
07/07/2020,14.08
07/08/2020,14.4
07/09/2020,14.45
07/10/2020,14.52
07/13/2020,14.43
07/14/2020,14.5
07/15/2020,14.36
07/16/2020,14.61
07/17/2020,14.34
07/20/2020,14.44
07/21/2020,14.86
07/22/2020,15.2
07/23/2020,14.97
07/24/2020,15.07
07/27/2020,15.16
07/28/2020,15.15
07/29/2020,15.19
07/30/2020,15.13
07/31/2020,15.05
08/03/2020,14.82
08/04/2020,15.03
08/05/2020,14.86
08/06/2020,14.79
08/07/2020,14.61
08/10/2020,14.57
08/11/2020,14.66
08/12/2020,14.65
08/13/2020,14.97
08/14/2020,15
08/17/2020,14.69
08/18/2020,14.91
08/19/2020,14.81
08/20/2020,14.81
08/21/2020,14.79
08/24/2020,14.85
08/25/2020,15.11
08/26/2020,15.02
08/27/2020,15.14
08/28/2020,15.61
08/31/2020,15.55
09/01/2020,15.8
09/02/2020,15.94
09/03/2020,16.15
09/04/2020,16.16
09/08/2020,16.01
09/09/2020,16.37
09/10/2020,16.09
09/11/2020,16.12
09/14/2020,16.26
09/15/2020,16.35
09/16/2020,16.5
09/17/2020,16.45
09/18/2020,16.2
09/21/2020,15.93
09/22/2020,15.79
09/23/2020,15.56
09/24/2020,15.88
09/25/2020,15.88
09/28/2020,15.66
09/29/2020,15.65
09/30/2020,15.76
10/01/2020,15.8
10/02/2020,15.82
10/05/2020,16.04
10/06/2020,16.1
10/07/2020,16.07
10/08/2020,16.23
10/09/2020,16.33
10/13/2020,16.22
10/14/2020,16.21
10/15/2020,16.3
10/16/2020,16.25
10/19/2020,16.54
10/20/2020,16.89
10/21/2020,16.91
10/22/2020,17.14
10/23/2020,17.31
10/26/2020,17.59
10/27/2020,17.48
10/28/2020,17.48
10/29/2020,17.46
10/30/2020,17.5
11/03/2020,17.53
11/04/2020,18.04
11/05/2020,18.43
11/06/2020,19.16
11/09/2020,19.07
11/10/2020,19.39
11/11/2020,19.42
11/12/2020,19.17
11/13/2020,19.2
11/16/2020,19.43
11/17/2020,19.93
11/18/2020,20.15
11/19/2020,20.29
11/20/2020,20.12
11/23/2020,19.99
11/24/2020,20.23
11/25/2020,20.58
11/26/2020,20.56
11/27/2020,20.62
11/30/2020,20.7
12/01/2020,20.88
12/02/2020,20.58
12/03/2020,21.23
12/04/2020,21.51
12/07/2020,21.82
12/08/2020,21.61
12/09/2020,21.42
12/10/2020,22.23
12/11/2020,20.88
12/14/2020,21.2
12/15/2020,21.5
12/16/2020,20.93
12/17/2020,21.19
12/18/2020,21.13
12/21/2020,21.09
12/22/2020,20.93
12/23/2020,20.69
12/28/2020,20.76
12/29/2020,20.95
12/30/2020,20.75
01/04/2021,20.3
01/05/2021,20.58
01/06/2021,20.32
01/07/2021,19.75
01/08/2021,19.58
01/11/2021,19.25
01/12/2021,19.77
01/13/2021,19.73
01/14/2021,20.09
01/15/2021,19.68
01/18/2021,19.66
01/19/2021,19.61
01/20/2021,19.73
01/21/2021,20.05
01/22/2021,19.67
01/25/2021,19.35
01/26/2021,20.15
01/27/2021,19.89
01/28/2021,19.91
01/29/2021,19.81
02/01/2021,20.02
02/02/2021,20.26
02/03/2021,20.22
02/04/2021,19.72
02/05/2021,19.86
02/08/2021,19.74
02/09/2021,19.68
02/10/2021,19.66
02/11/2021,19.6
02/12/2021,19.51
02/17/2021,19.56
02/18/2021,19.73
02/19/2021,19.98
02/22/2021,20.05
02/23/2021,20.09
02/24/2021,20.34
02/25/2021,19.95
02/26/2021,19.58
03/01/2021,19.82
03/02/2021,19.49
03/03/2021,19.21
03/04/2021,19.11
03/05/2021,18.76
03/08/2021,18.58
03/09/2021,18.72
03/10/2021,18.8
03/11/2021,19.5
03/12/2021,19.22
03/15/2021,18.59
03/16/2021,19.07
03/17/2021,19.4
03/18/2021,19.38
03/19/2021,19.32
03/22/2021,19.35
03/23/2021,19.6
03/24/2021,19.33
03/25/2021,18.76
03/26/2021,18.83
03/29/2021,18.75
03/30/2021,18.59
03/31/2021,18.52
04/01/2021,18.36
04/05/2021,18.5
04/06/2021,18.87
04/07/2021,18.63
04/08/2021,19.1
04/09/2021,18.76
04/12/2021,18.39
04/13/2021,18.54
04/14/2021,18.73
04/15/2021,19.03
04/16/2021,19.38
04/19/2021,19.69
04/20/2021,19.8
04/22/2021,20.25
04/23/2021,20.2
04/26/2021,20.61
04/27/2021,20.48
04/28/2021,20.69
04/29/2021,20.76
04/30/2021,20.77
05/03/2021,20.93
05/04/2021,20.89
05/05/2021,21.34
05/06/2021,21.54
05/07/2021,21.87
05/10/2021,22.05
05/11/2021,21.91
05/12/2021,21.76
05/13/2021,21.69
05/14/2021,21.83
05/17/2021,21.97
05/18/2021,21.92
05/19/2021,21.54
05/20/2021,21.83
05/21/2021,21.7
05/24/2021,21.87
05/25/2021,21.81
05/26/2021,21.83
05/27/2021,21.97
05/28/2021,22.23
05/31/2021,22.16
06/01/2021,22.54
06/02/2021,22.85
06/04/2021,23.19
06/07/2021,23.14
06/08/2021,23.07
06/09/2021,23.06
06/10/2021,23.15
06/11/2021,22.58
06/14/2021,23.05
06/15/2021,23.25
06/16/2021,23.3
06/17/2021,23.44
06/18/2021,22.76
06/21/2021,22.75
06/22/2021,23.37
06/23/2021,23.34
06/24/2021,23.87
06/25/2021,23.67
06/28/2021,23.93
06/29/2021,23.28
06/30/2021,22.84
07/01/2021,22.75
07/02/2021,22.94
07/05/2021,22.99
07/06/2021,22.29
07/07/2021,22.09
07/08/2021,21.96
07/12/2021,22.52
07/13/2021,22.32
07/14/2021,22.78
07/15/2021,22.38
07/16/2021,22.56
07/19/2021,22.24
07/20/2021,22.33
07/21/2021,22.53
07/22/2021,22.54
07/23/2021,22.42
07/26/2021,22.73
07/27/2021,22.62
07/28/2021,22.99
07/29/2021,23.24
07/30/2021,22.61
08/02/2021,23.02
08/03/2021,23.11
08/04/2021,23.28
08/05/2021,23.16
08/06/2021,23.01
08/09/2021,22.83
08/10/2021,23.42
08/11/2021,23.45
08/12/2021,23.9
08/13/2021,23.94
08/16/2021,24.48
08/17/2021,24.63
08/18/2021,24.43
08/19/2021,24.73
08/20/2021,24.81
08/23/2021,25.02
08/24/2021,25.71
08/25/2021,26.05
08/26/2021,25.96
08/27/2021,26.4
08/30/2021,26.28
08/31/2021,26.54
09/01/2021,26.48
09/02/2021,26.58
09/03/2021,26.62
09/06/2021,26.97
09/08/2021,26.35
09/09/2021,26.5
09/10/2021,26.6
09/13/2021,27.18
09/14/2021,27.11
09/15/2021,26.96
09/16/2021,27.04
09/17/2021,26.6
09/20/2021,26.97
09/21/2021,27.18
09/22/2021,27.13
09/23/2021,27.4
09/24/2021,26.51
09/27/2021,26.71
09/28/2021,26.6
09/29/2021,26.63
09/30/2021,26.21
10/01/2021,26.68
10/04/2021,26.11
10/05/2021,26.12
10/06/2021,26.13
10/07/2021,26.12
10/08/2021,26.28
10/11/2021,26.15
10/13/2021,26.8
10/14/2021,27.15
10/15/2021,27.52
10/18/2021,27.1
10/19/2021,26.24
10/20/2021,26.59
10/21/2021,26.21
10/22/2021,26.38
10/25/2021,26.94
10/26/2021,26.71
10/27/2021,26.81
10/28/2021,26.98
10/29/2021,27.07
11/01/2021,26.99
11/03/2021,27.1
11/04/2021,27.05
11/05/2021,27.92
11/08/2021,27.65
11/09/2021,27.74
11/10/2021,27.65
11/11/2021,28.33
11/12/2021,28.55
11/16/2021,28.14
11/17/2021,27.97
11/18/2021,27.87
11/19/2021,27.73
11/22/2021,27.63
11/23/2021,27.37
11/24/2021,27.44
11/25/2021,27.65
11/26/2021,27.51
11/29/2021,27.35
11/30/2021,27.32
12/01/2021,27.32
12/02/2021,27.57
12/03/2021,27.35
12/06/2021,27.28
12/07/2021,27.69
12/08/2021,28.08
12/09/2021,27.48
12/10/2021,27.68
12/13/2021,27.34
12/14/2021,26.94
12/15/2021,26.99
12/16/2021,27.74
12/17/2021,27.18
12/20/2021,26.67
12/21/2021,27.01
12/22/2021,27.38
12/23/2021,27.59
12/27/2021,27.59
12/28/2021,27.56
12/29/2021,27.19
12/30/2021,27.19
01/03/2022,27.35
01/04/2022,26.55
01/05/2022,27.06
01/06/2022,26.93
01/07/2022,27.15
01/10/2022,26.68
01/11/2022,27.31
01/12/2022,27.51
01/13/2022,27.71
01/14/2022,27.73
01/17/2022,27.25
01/18/2022,27.15
01/19/2022,27.72
01/20/2022,28.1
01/21/2022,27.78
01/24/2022,27.56
01/25/2022,27.27
01/26/2022,27.77
01/27/2022,27.73
01/28/2022,27.63
01/31/2022,27.73
02/01/2022,28.06
02/02/2022,27.73
02/03/2022,27.36
02/04/2022,27.47
02/07/2022,27.88
02/08/2022,27.69
02/09/2022,28.22
02/10/2022,27.76
02/11/2022,28.44
02/14/2022,28.47
02/15/2022,28.77
02/16/2022,28.37
02/17/2022,28.68
02/18/2022,28.35
02/21/2022,28.36
02/22/2022,28.11
02/23/2022,27.85
02/24/2022,26.62
02/25/2022,25.74
03/02/2022,26.03
03/03/2022,26.03
03/04/2022,26.64
03/07/2022,26.54
03/08/2022,26.58
03/09/2022,27.24
03/10/2022,27.3
03/11/2022,27.06
03/14/2022,26.49
03/15/2022,26.49
03/16/2022,26.97
03/17/2022,27.44
03/18/2022,27.25
03/21/2022,28.14
03/22/2022,28.33
03/23/2022,28.79
03/24/2022,28.87
03/25/2022,29.47
03/28/2022,29.47
03/29/2022,29.53
03/30/2022,29.45
03/31/2022,30.01
04/01/2022,30.77
04/04/2022,30.77
04/05/2022,30.76
04/06/2022,30.17
04/07/2022,30.03
04/08/2022,30.13
04/11/2022,30.63
04/12/2022,30.41
04/13/2022,30.2
04/14/2022,30.2
04/18/2022,30.59
04/19/2022,30.17
04/20/2022,30.18
04/22/2022,30.18
04/25/2022,28.62
04/26/2022,27.48
04/27/2022,27.59
04/28/2022,27.43
04/29/2022,27.37
05/02/2022,26.66
05/03/2022,26.72
05/04/2022,27.33
05/05/2022,26.53
05/06/2022,26.49
05/09/2022,25.86
05/10/2022,25.92
05/11/2022,25.84
05/12/2022,25.5
05/13/2022,26.11
05/16/2022,25.97
05/17/2022,26.41
05/18/2022,26.04
05/19/2022,26.32
05/20/2022,26.82
05/23/2022,27.42
05/24/2022,27.34
05/25/2022,27.41
05/26/2022,27.47
05/27/2022,27.44
05/30/2022,27.51
05/31/2022,27.56
06/01/2022,27.22
06/02/2022,26.81
06/03/2022,27.14
06/06/2022,27.07
06/07/2022,26.54
06/08/2022,26.51
06/09/2022,26.22
06/10/2022,25.54
06/13/2022,24.85
06/14/2022,24.65
06/15/2022,25.29
06/17/2022,24.65
06/20/2022,24.36
06/21/2022,24.66
06/22/2022,24.4
06/23/2022,24.24
06/24/2022,24.18
06/27/2022,24.36
06/28/2022,24.31
06/29/2022,24.62
06/30/2022,24.3
07/01/2022,23.83
07/04/2022,23.97
07/05/2022,23.49
07/06/2022,23.35
07/07/2022,23.72
07/08/2022,23.93
07/11/2022,23.58
07/12/2022,23.22
07/13/2022,23.51
07/14/2022,23.46
07/15/2022,23.62
07/18/2022,24.16
07/19/2022,24.19
07/20/2022,24.17
07/21/2022,23.94
07/22/2022,23.83
07/25/2022,24.2
07/26/2022,24.31
07/27/2022,24.86
07/28/2022,25.52
07/29/2022,25.39
08/01/2022,25.36
08/02/2022,24.49
08/03/2022,24.42
08/04/2022,24.82
08/05/2022,25.08
08/08/2022,25.33
08/09/2022,25.3
08/10/2022,25.48
08/11/2022,25.17
08/12/2022,25.17
08/15/2022,25.36
08/16/2022,25.16
08/17/2022,25.13
08/18/2022,24.79
08/19/2022,24.68
08/22/2022,24.98
08/23/2022,25.31
08/24/2022,25.08
08/25/2022,24.99
08/26/2022,25.17
08/29/2022,25.51
08/30/2022,24.7
08/31/2022,24.04
09/01/2022,23.68
09/02/2022,23.71
09/05/2022,24.26
09/06/2022,23.84
09/08/2022,23.99
09/09/2022,24.3
09/12/2022,24.32
09/13/2022,23.89
09/14/2022,23.95
09/15/2022,23.7
09/16/2022,23.57
09/19/2022,24.12
09/20/2022,24.17
09/21/2022,24.17
09/22/2022,24.33
09/23/2022,23.7
09/26/2022,23.12
09/27/2022,23.21
09/28/2022,23.46
09/29/2022,23.03
09/30/2022,23.13
10/03/2022,24.09
10/04/2022,24.23
10/05/2022,24.24
10/06/2022,24.15
10/07/2022,24.03
10/10/2022,24.25
10/11/2022,23.84
10/13/2022,23.94
10/14/2022,23.68
10/17/2022,24.03
10/18/2022,24.16
10/19/2022,24.22
10/20/2022,24.56
10/21/2022,24.95
10/24/2022,24.17
10/25/2022,24.2
10/26/2022,23.85
10/27/2022,24.28
10/28/2022,24.23
10/31/2022,24.79
11/01/2022,25.25
11/03/2022,25.2
11/04/2022,25.65
11/07/2022,24.98
11/08/2022,24.98
11/09/2022,24.92
11/10/2022,24
11/11/2022,24.34
11/14/2022,24.34
11/16/2022,24.13
11/17/2022,24.25
11/18/2022,24.59
11/21/2022,24.82
11/22/2022,24.92
11/23/2022,25.03
11/24/2022,25.55
11/25/2022,25.05
11/28/2022,25.34
11/29/2022,25.62
11/30/2022,26.16
12/01/2022,26.26
12/02/2022,26.51
12/05/2022,26.28
12/06/2022,26.38
12/07/2022,26.68
12/08/2022,26.98
12/09/2022,26.82
12/12/2022,26.17
12/13/2022,26.18
12/14/2022,26.19
12/15/2022,26.18
12/16/2022,26.25
12/19/2022,26.25
12/20/2022,26.7
12/21/2022,26.95
12/22/2022,27.36
12/23/2022,27.36
12/26/2022,27
12/27/2022,25.87
12/28/2022,25.87
12/29/2022,25.87
01/02/2023,25.47
01/03/2023,25.47
01/04/2023,24.78
01/05/2023,25.3
01/06/2023,25.68
01/09/2023,25.7
01/10/2023,25.49
01/11/2023,26.07
01/12/2023,26.49
01/13/2023,26.33
01/16/2023,26.18
01/17/2023,26.18
01/18/2023,25.85
01/19/2023,26.03
01/20/2023,25.66
01/23/2023,25.72
01/24/2023,25.8
01/25/2023,26.06
01/26/2023,26.12
01/27/2023,25.9
01/30/2023,25.52
01/31/2023,25.97
02/01/2023,25.85
02/02/2023,26.12
02/03/2023,25.17
02/06/2023,25.06
02/07/2023,24.99
02/08/2023,25.24
02/09/2023,25.07
02/10/2023,25.49
02/13/2023,25.69
02/14/2023,25.77
02/15/2023,25.76
02/16/2023,25.47
02/17/2023,25.56
02/22/2023,25.51
02/23/2023,25.72
02/24/2023,25.6
02/27/2023,25.43
02/28/2023,25.57
03/01/2023,25.27
03/02/2023,25.06
03/03/2023,25.11
03/06/2023,25.31
03/07/2023,25.33
03/08/2023,25.45
03/09/2023,25.61
03/10/2023,25.57
03/13/2023,25.37
03/14/2023,24.74
03/15/2023,24.95
03/16/2023,25.31
03/17/2023,25.08
03/20/2023,25.27
03/21/2023,25.22
03/22/2023,25.4
03/23/2023,24.93
03/24/2023,25.08
03/27/2023,25.2
03/28/2023,25.57
03/29/2023,26.02
03/30/2023,25.99
03/31/2023,26.55
04/03/2023,27.02
04/04/2023,26.79
04/05/2023,26.86
04/06/2023,27.52
04/10/2023,27.29
04/11/2023,27.56
04/12/2023,28.63
04/13/2023,28.7
04/14/2023,28.3
04/17/2023,28.7
04/18/2023,28.54
04/19/2023,27.98
04/20/2023,27.98
04/24/2023,28.2
04/25/2023,28.21
04/26/2023,28.54
04/27/2023,29.58
04/28/2023,29.51
05/02/2023,28.93
05/03/2023,29.35
05/04/2023,30
05/05/2023,30.41
05/08/2023,29.75
05/09/2023,29.89
05/10/2023,30.05
05/11/2023,30.01
05/12/2023,30.07
05/15/2023,30.16
05/16/2023,30.19
05/17/2023,30.17
05/18/2023,30.26
05/19/2023,29.91
05/22/2023,30.14
05/23/2023,29.96
05/24/2023,30.14
05/25/2023,29.47
05/26/2023,29.86
05/29/2023,29.65
05/30/2023,29.67
05/31/2023,29.28
06/01/2023,30.09
06/02/2023,30.19
06/05/2023,30.16
06/06/2023,30.09
06/07/2023,30.12
06/09/2023,29.96
06/12/2023,30.4
06/13/2023,29.98
06/14/2023,30.66
06/15/2023,30.21
06/16/2023,30.11
06/19/2023,29.93
06/20/2023,29.59
06/21/2023,30.07
06/22/2023,30.07
06/23/2023,29.99
06/26/2023,30.1
06/27/2023,29.83
06/28/2023,29.1
06/29/2023,28.62
06/30/2023,29.19
07/03/2023,29.17
07/04/2023,28.8
07/05/2023,29.22
07/06/2023,28.38
07/07/2023,29.12
07/10/2023,28.46
07/11/2023,28.82
07/12/2023,29.08
07/13/2023,28.83
07/14/2023,28.43
07/17/2023,28.22
07/18/2023,28.02
07/19/2023,28.25
07/20/2023,27.85
07/21/2023,28.13
07/24/2023,28.68
07/25/2023,28.37
07/26/2023,28.47
07/27/2023,28.09
07/28/2023,28.44
07/31/2023,28.36
08/01/2023,27.92
08/02/2023,27.84
08/03/2023,27.43
08/04/2023,27.83
08/07/2023,27.51
08/08/2023,27.27
08/09/2023,27.19
08/10/2023,27.58
08/11/2023,27.07
08/14/2023,26.64
08/15/2023,26.58
08/16/2023,26.69
08/17/2023,26.8
08/18/2023,26.86
08/21/2023,27.22
08/22/2023,27.36
08/23/2023,27.96
08/24/2023,27.87
08/25/2023,27.8
08/28/2023,28.74
08/29/2023,28.98
08/30/2023,28.73
08/31/2023,28.67
09/01/2023,29.32
09/04/2023,30.06
09/05/2023,29.49
09/06/2023,29.38
09/08/2023,29.39
09/11/2023,29.47
09/12/2023,29.45
09/13/2023,30.28
09/14/2023,30.62
09/15/2023,31.18
09/18/2023,31.22
09/19/2023,31.14
09/20/2023,32.04
09/21/2023,31.41
09/22/2023,31.33
09/25/2023,31.97
09/26/2023,31.1
09/27/2023,30.79
09/28/2023,30.87
09/29/2023,30.97
10/02/2023,30.67
10/03/2023,30.42
10/04/2023,30.71
10/05/2023,30.79
10/06/2023,30.67
10/09/2023,30.56
10/10/2023,30.98
10/11/2023,30.84
10/13/2023,30.36
10/16/2023,30.62
10/17/2023,30.62
10/18/2023,30.95
10/19/2023,31.04
10/20/2023,31.6
10/23/2023,31.31
10/24/2023,31.42
10/25/2023,31.46
10/26/2023,31.46
10/27/2023,31.51
10/30/2023,31.38
10/31/2023,31.22
11/01/2023,31.9
11/03/2023,31.9
11/06/2023,32.05
11/07/2023,32.07
11/08/2023,31.72
11/09/2023,31.32
11/10/2023,32.26
11/13/2023,32.23
11/14/2023,32.06
11/16/2023,32.14
11/17/2023,31.83
11/20/2023,31.83
11/21/2023,32.14
11/22/2023,31.9
11/23/2023,31.79
11/24/2023,31.48
11/27/2023,31.4
11/28/2023,31.64
11/29/2023,31.74
11/30/2023,31.5
12/01/2023,31.77
12/04/2023,31.33
12/05/2023,31.62
12/06/2023,31.75
12/07/2023,31.64
12/08/2023,31.52
12/11/2023,31.35
12/12/2023,31.02
12/13/2023,31.27
12/14/2023,31.44
12/15/2023,30.72
12/18/2023,30.85
12/19/2023,31.67
12/20/2023,30.29
12/21/2023,30.11
12/22/2023,30.63
12/26/2023,31.46
12/27/2023,30.47
12/28/2023,30.89
01/02/2024,30.89
01/03/2024,30.02
01/04/2024,29.71
01/05/2024,29.31
01/08/2024,29.24
01/09/2024,29.41
01/10/2024,29.88
01/11/2024,29.94
01/12/2024,30.1
01/15/2024,29.61
01/16/2024,29.25
01/17/2024,29.17
01/18/2024,29.37
01/19/2024,29.55
01/22/2024,29.07
01/23/2024,29.03
01/24/2024,29.22
01/25/2024,29.29
01/26/2024,29.33
01/29/2024,29.39
01/30/2024,29.22
01/31/2024,29.53
02/01/2024,29.53
02/02/2024,29.21
02/05/2024,29.02
02/06/2024,29.06
02/07/2024,29.48
02/08/2024,29.59
02/09/2024,29.51
02/14/2024,29.3
02/15/2024,29.9
02/16/2024,29.9
02/19/2024,29.78
02/20/2024,29.82
02/21/2024,29.36
02/22/2024,29.34
02/23/2024,29.13
02/26/2024,29.09
02/27/2024,29.36
02/28/2024,29.48
02/29/2024,29.2
03/01/2024,28.89
03/04/2024,28.89
03/05/2024,28.71
03/06/2024,28.65
03/07/2024,28.71
03/08/2024,28.34
03/11/2024,28.7
03/12/2024,28.59
03/13/2024,28.66
03/14/2024,28.59
03/15/2024,28.87
03/18/2024,28.73
03/19/2024,28.68
03/20/2024,29.15
03/21/2024,29.03
03/22/2024,29.05
03/25/2024,29.26
03/26/2024,29.1
03/27/2024,29.15
03/28/2024,29.04
04/01/2024,28.74
04/02/2024,28.86
04/03/2024,29.12
04/04/2024,29.03
04/05/2024,29.03
04/08/2024,29.22
04/09/2024,29.41
04/10/2024,28.86
04/11/2024,28.86
04/12/2024,28.54
04/15/2024,28.21
04/16/2024,28.17
04/17/2024,28.61
04/18/2024,28.7
04/19/2024,28.93
04/22/2024,28.65
04/23/2024,28.94
04/24/2024,28.72
04/25/2024,28.49
04/26/2024,28.66
04/29/2024,28.36
04/30/2024,27.66
05/02/2024,28.16
05/03/2024,28.24
05/06/2024,28.12
05/07/2024,28
05/08/2024,28.14
05/09/2024,27.1
05/10/2024,26.92
05/13/2024,27.1
05/14/2024,26.92
05/15/2024,27.18
05/16/2024,26.87
05/17/2024,26.94
05/20/2024,26.62
05/21/2024,26.52
05/22/2024,26.62
05/23/2024,27.05
05/24/2024,26.84
05/27/2024,26.55
05/28/2024,26.46
05/29/2024,26.06
05/31/2024,25.83
06/03/2024,25.86
06/04/2024,25.53
06/05/2024,25.35
06/06/2024,25.82
06/07/2024,25.4
06/10/2024,25.2
06/11/2024,25.48
06/12/2024,25.64
06/13/2024,25.39
06/14/2024,25.43
06/17/2024,25.12
06/18/2024,25.16
06/19/2024,24.98
06/20/2024,25.4
06/21/2024,25.33
06/24/2024,25.38
06/25/2024,24.79
